episode_run_time,first_air_date,networks,number_of_seasons,original_name,production_companies,firstStar,secondStar,thirdStar,writer,director,musician,genre1,genre2,createdBy,air_time,adaptation,year
130.0,1/15/2020 0:00,Show TV,1,Zemheri,ay yapım,Emir Çubukçu,Ayça Ayşin Turan,Alperen Duymaz,sema ergenekon,hilal saral,toygar işıklı,Drama,No second genre,kerem çatay,20,0.0,2020
130.0,2/13/2019 0:00,Star TV,2,Kuzgun,ay yapım,Barış Arduç,Burcu Biricik,Nilperi Şahinkaya,"burcu görgün toptaş ,özlem yılmaz",bahadır i̇nce,toygar işıklı,Action & Adventure,Drama,kerem çatay,20,1.0,2019
130.0,3/9/2019,FOX,2,Bir Aile Hikayesi,med yapım,Songül Öden,Birkan Sokullu,Celil Nalçakan,deniz madanoğlu,merve girgin,cem öget,Drama,Family,fatih aksoy,20,1.0,2019
120.0,11/22/2019,FOX,1,Ferhat ile Şirin,"o3 medya,artistanbul",Cansu Dere,Tolga Sarıtaş,Leyla Tanlar,savaş korkmaz,mehmet ada öztekin,hasan özsüt,Drama,Romantic,"saner ayar,ömer durak,mine yilmaz,cengiz çagatay",20,1.0,2019
120.0,9/14/2019,Show TV,1,Gülperi,"tims productions,bi yapım",Nurgül Yeşilçay,Timuçin Esen,Tarık Papuççuoğlu,"sema ergenekon ,eylem canpolat",metin balekoğlu,cem öget,Drama,Family,"timur savcı,burak sağyaşar",20,0.0,2019
120.0,6/14/2019,FOX,1,Her Yerde Sen,karga seven pictures,Furkan Andıç,Aybüke Pusat,Ali Yağcı,"deniz yeşilgün,esra çetek yılmazer",ender mıhlar,zeynep bastık,Comedy,Romantic,"ömer özgüner,ümmü burhan",20,0.0,2019
120.0,3/5/2019,Kanal D,1,Yüzleşme,t company,Uğur Yücel,Hande Doğandemir,Engin Öztürk,"altuğ küçük,i̇sa yıldız,pelin karamehmetoğlu,beril köse",ömer faruk sorak,"ajlan akyüz,kivanç sarıkuş,mert tünay",Drama,Romantic,bülent turgut,20,0.0,2019
120.0,11/19/2019 0:00,Kanal D,1,Azize,süreç film,Buğra Gülsoy,Hande Erçel,Mustafa Avkıran,başar başaran,volkan kocatürk,fırat yükselir,Drama,No second genre,ali gündoğdu,20,0.0,2019
120.0,1/1/2019 0:00,Show TV,1,Oyunbozan,aka yapım,Barış Kılıç,İlayda Akdoğan,Kenan Bal,"altuğ küçük, ümit saat",emre kabakuşak,fırat yükselir,Horror,Crime,altug küçük,20,0.0,2019
130.0,1/7/2019 0:00,TRT 1,2,Vuslat,a23 medya,Kadir Doğulu,Devrim Özkan,Mehmet Özgür,betül yağsağan,murat onbul,fırat yükselir,Drama,Mystery,uğur veli,20,0.0,2019
130.0,1/15/2019 0:00,TRT 1,1,Halka,es film,Serkan Çayoğlu,Hande Erçel,Kaan Yıldırım,"aziz tuna, selim bener, ali demirel, meryem diri",volkan kocatürk,sertaç özgümüş,Action & Adventure,Drama,yusuf esenkal,20,0.0,2019
130.0,1/27/2019 0:00,Star TV,2,Kardeş Çocukları,gold film,Alara Turan,Mehmet Aslantuğ,Ayça Bingöl,sırma yanık,faruk teber,aytekin ataş,Family,Drama,faruk turgut,20,0.0,2019
130.0,2/6/2019 0:00,FOX,1,Vurgun,gold film,Erkan Petekkaya,Deniz Çakır,Emre Kınay,"başar başaran ,emre özdür",altan dönmez,"alpay göltekin, zeynep alasya, caner özkan, güldiyar tanrıdağlı",Soap,Family,faruk turgut,20,0.0,2019
120.0,9/8/2019,Show TV,1,Aşk Ağlatır,mf yapım,Deniz Can Aktaş,Hafsanur Sancaktutan,Yağız Can Konyalı,"yelda eroğlu,yeşim çıtak",gökçen usta,"metin arıgül, ender gündüzlü",Drama,Romantic,faruk bayhan,20,1.0,2019
130.0,3/3/2019 0:00,Show TV,1,Nöbet,pana film,Yurdaer Okur,Saygın Soysal,İpek Karapınar,necati şaşmaz,ömer gökhan erkut,gökhan kırdar,War & Politics,Action & Adventure,muhammed necati şaşmaz,20,0.0,2019
120.0,6/13/2019 0:00,Star TV,1,Benim Tatlı Yalanım,o3 medya,Aslı Bekiroğlu,Furkan Palalı,Lavinya Ünlüer,"deniz dargı ,murat taşkent","barış erçetin ,cihan vural",cem tuncer,Comedy,Drama,şevket pamir,20,0.0,2019
120.0,10/25/2019 0:00,Star TV,1,Sevgili Geçmiş,süreç film,Ece Uslu,Emre Kınay,Sevda Erginci,funda alp,aydın bulut,batuhan fırat,Drama,No second genre,i̇nci gündoğdu,20,0.0,2019
120.0,10/23/2019 0:00,FOX,1,Kurşun,most production,Engin Altan Düzyatan,Burçin Terzioğlu,Berrak Tüzünataç,kerem deren,murat can oğuz,timur selçuk,Drama,Action,gül oğuz,20,0.0,2019
120.0,9/9/2019 0:00,Star TV,1,Çocuk,1441 productions,Nazan Kesal,İsmail Hacıoğlu,Merve Çağıran,nazlı sunlu kaçan,serkan birinci,alpay göltekin,Drama,Family,i̇rfan şahin,20,0.0,2019
130.0,8/12/2019 0:00,Star TV,2,Mehmetçik Kut'ül Amare,bozdağ film,Kaan Taşaner,İsmail Hacıoğlu,Cansu Tosun,mehmet bozdağ,mustafa şevki doğan,alpay göltekin,History,Fiction,mehmet bozdağ,20,0.0,2019
9.0,8/1/2019 0:00,BluTV,3,Aynen Aynen,blu tv,Nilperi Şahinkaya,Kerem Bursin,Uraz Kaygılaroğlu,alper erze,yunus ozan korkut,batuhan fırat,Comedy,Short,mina saygı,online,0.0,2019
120.0,4/7/2019 0:00,atv,1,Zengin ve Yoksul,ntc medya,Binnur Kaya,Gökhan Alkan,Osman Sonant,yelda eroğlu,deniz yorulmazer,alp yenier,Drama,Romantic,mehmet yiğit alp,20,0.0,2019
120.0,6/12/2019 0:00,Kanal D,1,Afili Aşk,arc films,Burcu Özberk,Çağlar Ertuğrul,Altan Erkekli,"barış erdoğan ,i̇lker arslan ,kübra sülün ,okşan tavaslıoğlu",serdar gözelekli,aslı demirer,Comedy,Romantic,fatih enes ömeroğlu,20,0.0,2019
138.0,6/11/2019 0:00,atv,1,Kimse Bilmez,baba yapım,Özgü Kaya,Keremcem,Engin Hepileri,hasan burak kayacı,hakan eren,engin aslan,Action & Adventure,Drama,hakan eren,20,0.0,2019
120.0,5/27/2019 0:00,atv,1,Canevim,koliba film,Biran Damla Yılmaz,Aras Aydın,Özgür Çevik,filiz alpgezmen,adnan güler,engin aslan,Drama,Family,ata türkoğlu,22,0.0,2019
120.0,4/16/2019 0:00,Kanal D,1,Leke,"tims productions,bi yapım",Melis Sezen,Burak Sevinç,Mehmet Bozdoğan,yıldız tunç,metin balekoğlu,cem yıldız,Drama,Family,timur savcı,20,0.0,2019
140.0,4/7/2018 0:00,FOX,1,Bir Mucize Olsun,pastel film,Furkan Palalı,Oral Özer,Elif Gizem Aykul,can sinan,hamdi alkan,aytekin ataş,Drama,No second genre,efe i̇rvül,20,0.0,2018
140.0,3/31/2018 0:00,Kanal D,1,İnsanlık Suçu,pastel film,Kaan Yıldırım,Gizem Karaca,Ahmet Mümtaz Taylan,"vilmer özçınar, nalan merter savaş",reyhan peker,aytekin ataş,Action & Adventure,Crime,efe i̇rvül,20,0.0,2018
120.0,3/31/2018 0:00,atv,1,Masum Değiliz,koliba film,Aras Aydın,Özlem Başkaya,Ceyda Olguner,"bekir baran sıtkı, pelin karamehmetoğlu, i̇lke yeşilay",levent turkan,aytekin ataş,Drama,No second genre,levent türkan,20,0.0,2018
120.0,2/25/2018 0:00,FOX,1,Adı: Zehra,ntc medya,Zeynep Çamcı,Hatice Aslan,Seda Güven,"bekir baran sıtkı, murat emir eren, rana mamatoğlu",taner akvardar,aytekin ataş,Drama,No second genre,mehmet yiğit alp,20,0.0,2018
60.0,3/30/2018 0:00,puhutv,1,Dip,tmc,İlker Kaleli,Neslihan Atagül,Berrak Tüzünataç,başar başaran,uygar kutlu,aytekin ataş,Action & Adventure,War & Politics,erol avcı,online,0.0,2018
120.0,3/29/2018 0:00,Star TV,2,Avlu,limon film,Demet Evgar,Ceren Moray Brun,Nursel Köse,"ahmet yurdakul ,mehmet güzelbeyoglu ,caner yalcin",yüksel aksu,aytekin ataş,Crime,Drama,caner yalcin,20,1.0,2018
130.0,3/20/2018 0:00,Kanal D,1,Mehmed Bir Cihan Fatihi,o3 medya,Kenan İmirzalıoğlu,Çetin Tekindor,Gürkan Uygun,ercan mehmet erdem,cevdet mercan,aytekin ataş,Drama,Reality,cevdet mercan,20,0.0,2018
110.0,3/19/2018 0:00,atv,1,8. Gün,ay yapım,Burcu Biricik,Musa Uzunlar,Buğra Gülsoy,"toprak karaoglu ,savas korkmaz ,volkan sümbül",çagri vila lostuvali,cem tuncer,Drama,Mystery,kerem çatay,20,0.0,2018
120.0,3/19/2018 0:00,FOX,3,Yasak Elma,med yapım,Buçe Buse Kahraman,Şevval Sam,Talat Bulut,melis civelek,neslihan yeşilyurt,cem tuncer,Drama,Comedy,neslihan yeşilyurt,20,0.0,2018
90.0,3/14/2018 0:00,Show TV,2,Benim Için Üzülme,boyut film,Fulya Zenginer,Tansel Öngel,Öykü Çelik,"onur kocal , selami genli",serkan birinci,marsis,Drama,No second genre,mahsun kırmızıgül,20,0.0,2018
130.0,3/1/2018 0:00,Kanal D,1,Meryem,tmc,Ayça Ayşin Turan,Uğur Demirpehlivan,Hakan İlçin,"meryem gültabak, i̇lke gürsoy",barış erçetin,metin arılgül,Drama,No second genre,erol avcı,20,0.0,2018
150.0,1/18/2018 0:00,TRT 1,2,Mehmetçik Kutlu Zafer,bozdağ film,İsmail Ege Şaşmaz,Kaan Taşaner,Gamze Özçelik,"mehmet bozdağ, yeşim aslan",kamil aydın,metin arılgül,Action & Adventure,No second genre,mehmet bozdağ,20,0.0,2018
85.0,2/18/2018 0:00,Star TV,3,Jet Sosyete,bkm,Çağlar Çorumlu,Derya Karadaş,Cengiz Bozkurt,gülse birsel,hakan algün,metin arılgül,Comedy,No second genre,necati akpınar,20,0.0,2018
59.0,1/26/2018 0:00,BluTV,1,Dudullu Postası,limon film,Güven Kıraç,Erkan Can,Taner Ölmez,"serkan yılmaz ,onur ünlü",onur ünlü,metin arılgül,Family,Comedy,onur ünlü,online,0.0,2018
130.0,1/25/2018 0:00,Show TV,1,Yuvamdaki Düşman,dus gezginleri,Nebahat Çehre,Aslı Tandoğan,Pamir Pekin,rüya i̇şçileri,muge ugurlar,metin arılgül,Drama,Family,Unknown,20,1.0,2018
150.0,1/24/2018 0:00,atv,3,Sen Anlat Karadeniz,sinegraf,İrem Helvacıoğlu,Cem Kenar,Ulaş Tuna Astepe,"ayşe ferda eryılmaz, nehir erdem, erkan birgören",osman sınav,metin arılgül,Drama,No second genre,osman sınav,20,0.0,2018
120.0,1/20/2018 0:00,Kanal D,1,Gülizar,o3 medya,Farah Zeynep Abdullah,Berk Cankat,Ebru Cündübeyoğlu,çağan irmak,çağan irmak,toygar işıklı,Drama,No second genre,çağan irmak,20,0.0,2018
120.0,4/13/2018 0:00,Show TV,1,Servet,ortaks yapim,Bahar Şahin,Baran Bölükbaşı,Cemre Gümeli,murat boyacıoğlu,emir khalilzadeh,toygar işıklı,Drama,No second genre,müge turalı pak,20,0.0,2018
120.0,1/1/2018 0:00,Show TV,1,Keşke Hiç Büyümeseydik,mint production,Ege Aydan,Burcu Kara,Açelya Akkoyun,"birol güven, murat aras, eray yasin küçük",mustafa uğur yağcıoğlu,toygar işıklı,Comedy,Drama,birol güven,20,0.0,2018
120.0,3/19/2018,atv,1,8. Gün,ay yapım,Burcu Biricik,Musa Uzunlar,Buğra Gülsoy,"savaş korkmaz,seda çalışır,toprak karaoğlu",çağrı vila lostuvalı,toygar işıklı,Drama,Action & Adventure,"kerem çatay,seda çiftçi,pelin distas yasaroglu,ali demir",20,0.0,2018
120.0,10/8/2018,atv,1,Can Kırıkları,ntc medya,Hande Doğandemir,Funda Eryiğit,Seçkin Özdemir,"gül gürsoy,gülsev karagöz,zafer özer çetinel",serkan birinci,alp yenier,Drama,Action & Adventure,mehmet yiğit alp,20,0.0,2018
60.0,1/1/2018,Kanal D,1,Hıçkırık ,birsel yapım,Sezgi Sena Akay,Barış Arda Hacıoğlu,Nurseli İdiz,nil fırat,fırat gürsoy,osman i̇şmen,Drama,Romantic,"sevgi birsel,sinan akad",14.15,0.0,2018
90.0,4/12/2018 0:00,Star TV,1,Aşktan Kaçılmaz,erler film,Berk Oktay,Pelin Akil,Ceren Hindistan,mahinur ergun,metin balekoğlu,banu akdeniz,Drama,Romantic,türker i̇nanoğlu,20,0.0,2018
120.0,3/26/2018 0:00,Show TV,1,Tehlikeli Karım,mf yapım,Mert Aydın,Emine Şans Umar,Görkem Kasal,"nalan merter savaş, vilmer özçınar",çağrı bayrak,banu akdeniz,Drama,No second genre,çağrı bayrak,20,0.0,2018
120.0,5/31/2018 0:00,atv,1,Kocaman Ailem,mia yapım,Aksel Bonfil,Çağla Demir,Emre Karayel,"berat deniz, alper çağlayan, şeyda delibaş, nergis herdem i̇nce, armağan gül şahin",sadullah şentürk,banu akdeniz,Comedy,Drama,hakan i̇nan,20,0.0,2018
120.0,9/27/2018 0:00,Kanal D,1,Bir Umut Yeter,mf yapım,Tolgahan Sayışman,Hazal Subaşı,Esra Bilgiç Töre,umut açıkalın,yusuf pirhasan,jingleTV,Drama,No second genre,faruk bayhan,20,0.0,2018
130.0,12/24/2018 0:00,TRT 1,1,Tek Yürek,degas film - volkan kocatürk,Tayanç Ayaydın,Vildan Atasever,Eslem Akar,"meriç demiray, elif asılkefeli, banu tekcan",mehmet ada öztekin,tuna velibaşoğlu,Crime,Action & Adventure,ahmet kayımtu,20,0.0,2018
45.0,12/14/2018 0:00,Netflix,3,The Protector,o3 medya,Çağatay Ulusoy,Ayça Ayşin Turan,Hazar Ergüçlü,"jason george, yasemin yılmaz, emre özpirinçci, atilla ünsal",can evrenol,emin yasin vural,Action & Adventure,Mystery,binnur karaevli,online,0.0,2018
120.0,12/8/2018 0:00,Star TV,1,Şahane Damat,sinegraf,Burcu Özberk,Ali Ersan Duru,Nükhet Duru,ayşe ferda yılmaz,raşit çelikeze,"cem özkan, murat hasarı",Romantic,Family,osman sınav,20,0.0,2018
145.0,12/1/2018 0:00,Show TV,1,Rüya,gold film,Hazal Filiz Küçükköse,Ceyhun Mengiroğlu,Ulaş Tuna Astepe,kaktüs yazı grubu,cemal şan,"cem özkan, murat hasarı",Family,Drama,şenay abacı turgut,20,0.0,2018
55.0,11/30/2018 0:00,BluTV,1,Bozkır,arc films,Yiğit Özşener,Ekin Koç,Nur Fettahoğlu,levent cantek,bahadır i̇nce,"cem özkan, murat hasarı",Crime,Drama,fatih enes ömeroğlu,online,0.0,2018
120.0,6/1/2018 0:00,Show TV,1,Darısı Başımıza,gold film,Ozan Dolunay,Elif Doğan,Devrim Yakut,"deniz dargı, okşan tavaşlıoğlu, kübra sülün, naz yiğit",barış yöş,"cem özkan, murat hasarı",Comedy,Family,faruk turgut,20,0.0,2018
120.0,11/22/2018 0:00,Show TV,1,Çarpışma,ay yapım,Kıvanç Tatlıtuğ,Elçin Sangu,Melisa Aslı Pamuk,ali aydın,uluç bayraktar,toygar işıklı,Action & Adventure,Drama,kerem çatay,21,0.0,2018
120.0,11/11/2018 0:00,TRT 1,3,Tozkoparan,veya yapım,Yusuf Gökhan Atalay,Demir Saygı,Özgür Ege Nalci,mustafa burak doğu,şevki es,özgür zoral,Action & Adventure,Kids,can özcanlı,17,0.0,2018
120.0,11/1/2018 0:00,Kanal D,1,Muhteşem İkili,tmc,İbrahim Çelikkol,Kerem Bursin,Özge Gürel,emre özdur,çağatay tosun,murat evgin,Action & Adventure,Drama,erol avcı,20,0.0,2018
120.0,10/27/2018 0:00,Kanal D,1,İkizler Memo - Can,erler film,Nehir Erdoğan,Özgürcan Çevik,Emir Berke Zincidi,ahmet yurdakul,erol özlevi,murat evgin,Family,Kids,türker i̇nanoğlu,20,0.0,2018
40.0,10/19/2018 0:00,BluTV,1,Bartu Ben,blu tv,Bartu Küçükçağlayan,Nazlu Bulum,Müfit Kayacan,bartu küçükçağlayan,tolga karaçelik,ahmet kenan bilgic,Comedy,Drama,bartu küçükçağlayan,online,0.0,2018
120.0,10/7/2018 0:00,atv,1,Ağlama Anne,süreç film,Aslıhan Malbora,Birce Akalay,Özlem Yılmaz,serdar oğuz,feride kaytan,jingleTV,Drama,Family,i̇nci gündoğdu,20,0.0,2018
120.0,10/7/2018 0:00,Kanal D,1,Bir Litre Gözyaşı,med yapım,Miray Daner,Sanem Çelik,Tolga Tekin,gül meriç özen,serhan şahin,jingleTV,Drama,Romantic,fatih aksoy,20,0.0,2018
120.0,11/23/2018 0:00,atv,1,Şahin Tepesi,ay yapım,Zerrin Tekindor,Ebru Özkan,Boran Kuzum,melek gençoğlu,hilal saral,toygar işıklı,Drama,No second genre,kerem çatay,20,0.0,2018
120.0,9/19/2018 0:00,TV8,1,Kızım,med yapım,Buğra Gülsoy,Beren Gökyıldız,Leyla Lydia Tuğutlu,"banu kiremitçi, irmak bahçeci",gökçen usta,eypio,Drama,Family,fatih aksoy,20,1.0,2018
120.0,7/16/2018 0:00,TRT 1,1,Ege'nin Hamsisi,köprü film,İclal Aydın,Uğur Çavuşoğlu,Uraz Kaygılaroğlu,"filiz ekici, yıldırım bayazıt",mustafa şevki doğan,eypio,Family,Comedy,bahar filiz ekinci,22,0.0,2018
120.0,6/14/2018 0:00,Star TV,1,Kalbimin Sultanı,maya film,Ali Ersan Duru,Alexandra Nikiforova,Emel Çölgeçen,"özlem i̇nci hekimoğlu, nil güleç ünsal, atilla ünsal",eda teksöz,eypio,Comedy,No second genre,burhan özkan,20,0.0,2018
120.0,6/20/2018 0:00,Kanal D,1,Hayati ve Diğerleri,1441 productions,Cankat Aydos,Aybike Esin Tumluer,Celil Nalçakan,"onur özcan, murat özsoy",metin balekoğlu,eypio,Family,Comedy,özer kızıltan,20,0.0,2018
120.0,9/16/2018 0:00,FOX,1,Adı Mutluluk,süreç film,Dilara Aksüyek,Serkan Tınmaz,Kaan Yıldırım,aksel bonfin,ersoy özlevi,atakan ilgazdağ,Drama,Romantic Comedy,ali gündoğdu,20,0.0,2018
120.0,7/5/2018 0:00,Show TV,1,Meleklerin Aşkı,süreç film,Didem Balçın,Berkay Hardal,Gülper Özdemir,"gülbike sonay üte ,müge şeviker ,yelda arıtaş ,damla güçer çamtepe ,kağan güler",ersoy güler,emir ersoy,Drama,Comedy,ersoy güler,20,0.0,2018
120.0,7/6/2018 0:00,FOX,3,4N1K,fabrika yapım,Cemrehan Karakaş,Aybanu Aykut,Zeynep Özder,ferhat ergün,murat onbul,emir ersoy,Comedy,Romantic,öner arslanel,20,0.0,2018
120.0,6/26/2018 0:00,Star TV,1,Erkenci Kuş,gold film,Demet Özdemir,Can Yaman,Birand Tunca,"aslı zengin, banu zengin tak, ayşe kutlu",çağrı bayrak,cem öget,Drama,Comedy,faruk turgut,20,0.0,2018
120.0,7/22/2018 0:00,TRT 1,2,Elimi Birakma,üs yapım,Alp Navruz,Alina Boz,Cemre Gümeli,"nilüfer aydın, volkan yazıcı, serap güzel",sadullah celen,"ender gündüzlü, metin arıgül",Drama,Romantic,süreyya yaşar önal,20,1.0,2018
120.0,8/1/2018 0:00,Star TV,1,Nefes Nefese,tmc,Uğur Yücel,Şükrü Özyıldız,Melisa Şenolsun,selin tunç,aydın bulut,jingleTV,Drama,No second genre,erol avcı,20,0.0,2018
120.0,8/13/2018 0:00,Kanal D,1,Koca Koca Yalanlar,limon film,Hakan Yılmaz,Evrim Alasya,Selen Uçer,gülabuş semerci,osman taşçı,jingleTV,Comedy,No second genre,hayri aslan,20,0.0,2018
45.0,9/6/2018 0:00,BluTV,1,Yaşamayanlar,"bubi film, ran film, braveborn, i̇stanbul'74",Elçin Sangu,Kerem Bursin,Selma Ergeç,şamil yılmaz,alphan eşeli,aytekin ataş,Drama,Sci-Fi & Fantasy,alphan eşeli,online,0.0,2018
120.0,9/13/2018 0:00,atv,3,Bir Zamanlar Çukurova,"tims productions,bi yapım",Murat Ünalmış,Selin Genç,Vahide Perçin,"yıldız tunç, su ersöz, derem çıray",faruk teber,aytekin ataş,Drama,Romantic,timur savcı,21,1.0,2018
120.0,3/28/2017 0:00,Kanal D,2,İsimsizler,es film,Uğur Güneş,Atsız Karaduman,Çağkan Çulha,"mustafa burak doğru, serkan birlik, ayça mutlugil, hale çalap",volkan kocatürk,resit gözdamla,War & Politics,No second genre,yusuf esenkal,20,0.0,2017
60.0,2/24/2017 0:00,BluTV,1,Sahipli,d productions,Funda Güray,Baran Akbulut,Sait Genay,"selim erkul ,duygu nişancı",alper mestçi,resit gözdamla,Horror,No second genre,"ayse durmaz,müge durali park,aysil tay",online,0.0,2017
150.0,3/26/2017 0:00,TRT 1,1,Lise Devriyesi,arc films,Ozan Dolunay,Bahar Şahin,İsmail Ege Şaşmaz,"tuna görgün, öktem başol, fatih enes ömeroğlu, samed aslan, zeynep bonçe",yahya samancı,jingleTV,Comedy,Crime,fatih enes ömeroğlu,20,0.0,2017
155.0,3/25/2017 0:00,Star TV,2,Fazilet Hanım ve Kızları,avşar film,Çağlar Ertuğrul,Deniz Baysal,Nazan Kesal,sırma yanık,gökçen usta,jingleTV,Drama,No second genre,şükrü avşar,20,0.0,2017
120.0,3/11/2017 0:00,Show TV,2,Yeni Gelin,process film,Tolga Mendi,Murat Kocacık,Jessica May,ersoy güler,ersoy güler,jingleTV,Comedy,Drama,ersoy güler,20,0.0,2017
150.0,3/7/2017 0:00,Kanal D,1,Evlat Kokusu,endemol shine türkiye,Hande Soral,Barış Kılıç,Murat Han,endemol shine yazı grubu,gökçen usta,yıldıray gürgen,Drama,No second genre,Unknown,20,0.0,2017
120.0,3/6/2017 0:00,FOX,1,Kırlangıç Fırtınası,limon film,Fikret Kuşkan,Gün Akıncı,Ozan Osmanpaşaoğlu,erkan birgören,emine fulya yavuzoğlu,yıldıray gürgen,Drama,No second genre,hayri aslan,20,0.0,2017
120.0,3/3/2017 0:00,Star TV,3,İstanbullu Gelin,o3 medya,Aslı Enver,Özcan Deniz,Salih Bademci,teşrik-i mesai,zeynep günay tan,yıldıray gürgen,Drama,No second genre,onur güvenatam,20,0.0,2017
120.0,2/24/2017 0:00,TRT 1,4,Payitaht Abdülhamid,es yapım,Bulent İnal,Saygın Soysal,Ezgi Eyüboğlu,"osman bodur, uğur uzunok",serdar akar,yıldıray gürgen,Action & Adventure,Drama,yusuf esenkal,20,0.0,2017
45.0,1/12/2017 0:00,atv,1,Bu Şehir Arkandan Gelecek,ay yapım,Kerem Bursin,Leyla Lydia Tuğutlu,Gürkan Uygun,ece yörenç,çağrı vila lostuvalı,toygar işıklı,Drama,Action,kerem çatay,20,0.0,2017
120.0,2/11/2017 0:00,Star TV,1,Icimdeki Firtina,aslan film,Burak Yamantürk,Merve Boluğur,Yusuf Çim,yazı'hane,doğan ümit karaca,"ender akay, sunay özgür",Drama,No second genre,kazım uğur kızılaslan,20,0.0,2017
130.0,1/28/2017 0:00,Kanal D,1,Adı Efsane,d productions,Erdal Beşikçioğlu,Gökçe Bahadır,Rojda Demirer,"nazlı sunlu ,tunus tasci ,hilal yıldız",devrim yalcin,alpay göltekin,Drama,No second genre,müge turalı pak,20,0.0,2017
120.0,1/25/2017 0:00,atv,1,Ölene Kadar,tims productions,Engin Akyürek,Fahriye Evcen,Sarp Levendoğlu,elif usman,umur turagay,"volkan akmehmet, i̇nanç şanver",Drama,No second genre,timur savcı,20,0.0,2017
120.0,1/17/2017 0:00,Star TV,1,Yıldızlar Şahidim,süreç film,Özge Gürel,Berk Cankat,Mesut Akusta,yazı odası,serhat çakıroğlu,"volkan akmehmet, i̇nanç şanver",Comedy,Drama,ali gündoğdu,20,0.0,2017
95.0,1/3/2017 0:00,TRT 1,1,Son Destan,bkm,Bülent İnal,Ecem Çalık,Sedef Avcı,ali ulvi hünkar,yağız alp akaydın,"onur tarçın,cem yildiz",Drama,No second genre,necati akpınar,20,0.0,2017
120.0,3/28/2017,Kanal D,1,Kara Yazı,dark story,Haluk Bilginer,Emre Kınay,Ushan Çakır,"sema ergenekon ,eylem canpolat",neslihan yeşilyurt,"onur tarçın,cem yildiz",Drama,Family,"sema ergenekon,eylem canpolat",20,0.0,2017
140.0,8/18/2017,Kanal D,1,Bodrum Masalı,tmc,Timuçin Esen,Şevval Sam,Murat Aygen,"başar başaran,emre özdür",mehmet ada öztekin,cem özkan,Romantic,Drama,erol avcı,20,0.0,2017
120.0,6/30/2017,Show TV,1,Kalp Atışı,mf yapım,Gökhan Alkan,Öykü Karayel,Ege Kökenli,"makbule kosif,eda tezcan,gülsev karagöz,zafer özer çetinel,melis veziroğlu yılmaz,merve cagiran",yusuf pirhasan,"jingletv,batuhan firat",Drama,Comedy,faruk bayhan,20,1.0,2017
130.0,4/3/2017 0:00,Star TV,3,Söz,tims productions,Tolga Sarıtaş,Deniz Baysal,Nihat Alptuğ Altınkaya,ethem özışık,yağız alp akaydın,atakan ilgazdağ,War & Politics,Drama,timur savcı,20,0.0,2017
60.0,3/31/2017 0:00,puhutv,2,Fi,ay yapım,Ozan Güven,Serenay Sarıkaya,Mehmet Günsür,"nükhet bıçakçı ,özlem yücel",mert baykal,cem öget,Drama,No second genre,akilah azra kohen,online,1.0,2017
140.0,7/10/2017 0:00,Kanal D,1,İki Yalancı,tükenmezkalem film,Yağmur Tanrısevsin,Koray Erkök,Keremcem,gani müjde,eda teksöz,"alpay göltekin, zeynep alasya, caner özkan",Comedy,No second genre,gani müjde,20,0.0,2017
120.0,4/24/2017 0:00,FOX,2,Savaşçı,limon film,Berk Oktay,Gaye Turgut Evin,Alican Albayrak,süleyman çobanoğlu,osman taşçı,"alpay göltekin, zeynep alasya, caner özkan",War & Politics,No second genre,volkan kocatürk,20,0.0,2017
120.0,10/16/2017 0:00,Kanal D,1,Siyah Beyaz Aşk,productions,İbrahim Çelikkol,Birce Akalay,Muhammet Uzuner,"erkan birgören ,banu tekcan",emir khalilzadeh,yıldıray gürgen,Drama,Action & Adventure,eylem canpolat,20,0.0,2017
150.0,12/16/2017 0:00,Kanal D,1,Dostlar Mahallesi,erler film,Alişan,Çağla Şıkel,Hande Katipoğlu,resul ertaş,ayhan özen,aria,Family,Comedy,türker i̇nanoğlu,20,0.0,2017
22.0,12/8/2017 0:00,BluTV,3,Hile,filmler ve filimler,Cem Asan,Taner Şahin,Andaç Ulukaya,taha ulukaya,taha ulukaya,aria,Sci-Fi & Fantasy,Mystery,Unknown,online,0.0,2017
120.0,11/29/2017 0:00,Kanal D,1,Kızlarım İçin,süreç film,Numan Çakır,Hakan Yufkacıgil,Meltem Gülenç,"zehra yücel, zülküf yücel",mesude erarslan,aria,Drama,No second genre,mesude erarslan,20,0.0,2017
150.0,11/18/2017 0:00,TRT 1,3,Kalk Gidelim,staff film,Ufuk Özkan,Erkan Sever,Ayça Varlıer,"cüneyt i̇nay, oktay berber",mustafa şevki doğan,aria,Family,Comedy,eyüp üstün,20,0.0,2017
120.0,11/11/2017 0:00,atv,1,Bahtiyar Ölmez,nehir yapım,Yetkin Dikinciler,Hande Subaşı,Umut Oğuz,"hasan burak kayacı, feraye şahin",cem tabak,"uğur ateş ,cem öget",Comedy,Action & Adventure,muharrem gürer,20,0.0,2017
120.0,11/1/2017 0:00,FOX,1,Nerdesin Birader,filmevi yapım,Timur Acar,Gonca Sarıyıldız,Hakan Bilgin,sahne 77,ulaş cihan şimşek,"uğur ateş ,cem öget",Comedy,No second genre,erol demir,20,0.0,2017
120.0,11/1/2017 0:00,Star TV,1,Hayat Sırları,most production,Ahmet Mümtaz Taylan,Ekin Koç,Hazar Ergüçlü,mahinur ergun,murat can oğuz,"uğur ateş ,cem öget",Drama,No second genre,gül oğuz,20,0.0,2017
120.0,10/24/2017 0:00,FOX,3,Kadın,"med yapım,mf yapım",Özge Özpirinçci,Caner Cindoruk,Bennu Yıldırımlar,hande altaylı,nadim güç,"uğur ateş ,cem öget",Drama,Family,fatih aksoy,20,1.0,2017
120.0,10/24/2017 0:00,Star TV,2,Ufak Tefek Cinayetler,ay yapım,Gökçe Bahadır,Aslıhan Gürbüz,Bade İşçil,meriç acemi,ali bilgin,"uğur ateş ,cem öget",Drama,Mystery,kerem çatay,20,0.0,2017
120.0,10/22/2017 0:00,TRT 1,1,Aslan Ailem,es film,Akın Akınözü,Burcu Özberk,Fırat Altunmeşe,"ayça mutlugil, hale çalap, yaşar arak, gülşen okumuş",başak soysal,serkan çağrı,Comedy,Drama,yusuf esenkal,20,1.0,2017
120.0,10/22/2017 0:00,Show TV,3,Çukur,ay yapım,Aras Bulut İynemli,Öner Erkan,Rıza Kocaoğlu,"gökhan horzum, damla serim",sinan öztürk,barış aryay,Crime,Action & Adventure,gökhan horzum,20,0.0,2017
170.0,4/30/2017 0:00,atv,1,Seni Kimler Aldı,pastel film,Serhan Yavaş,Fulya Zenginer,Duygu Yetiş,pınar uysal,sadullah şentürk,barış aryay,Drama,No second genre,efe i̇rvül,20,0.0,2017
120.0,9/23/2017 0:00,Kanal D,1,Sevda'nın Bahçesi,gold film,Sibel Can,Emre Kınay,Begüm Kütük,emir khalilzadeh,birol güven,barış aryay,Family,Drama,"şenay abacı turgut, faruk turgut",20,0.0,2017
120.0,9/28/2017 0:00,Star TV,1,Siyah İnci,gold film,Mehmet Mehmedof,İpek Bağrıaçık,Neriman Uğur,"alphan dikmen ,başak angigün",benal tairi,barış aryay,Drama,Romantic,erol özlevi,20,0.0,2017
130.0,7/4/2017 0:00,FOX,1,Deli Gönül,25 film,Murat Ünalmış,Tuvana Türkay,Ayşe Çiğdem Batur,"rahşan çiğdem i̇nan, barış pirhasan, selim demirdelen",selim demirdelen,çağatay akman,Drama,No second genre,"fırat parlak, koray şahin",20,0.0,2017
120.0,9/20/2017 0:00,Kanal D,1,Tutsak,1441 productions,Pamir Pekin,Caner Şahin,Gülper Özdemir,"gamze arslan ,volkan yazıcı ,hasan cömert",serhan şahin,çağatay akman,Drama,No second genre,i̇rfan şahin,20,0.0,2017
120.0,9/18/2017 0:00,FOX,1,Kayıtdışı,"red arrow entertainment,karga seven pictures",Burak Yamantürk,Erkan Petekkaya,Songül Öden,"şahin altuğ ,caner güler",cevdet mercan,çağatay akman,Action & Adventure,Crime,"özer sata, tamer üner, kelly mcphersen, tracy bacal, emre şahin, sarah wetherbee",20,0.0,2017
120.0,9/14/2017 0:00,FOX,2,Bizim Hikaye,med yapım,Hazal Kaya,Burak Deniz,Reha Özcan,"hatice meryem, banu kiremitçi bozkurt ebru hacıoğlu, verda pars",serdar gözelekli,çağatay akman,Comedy,Drama,serdar gözelekli,20,0.0,2017
120.0,9/8/2017 0:00,Kanal D,1,Ver Elini Aşk,salacak yapım,Gamze Demirbilek,Nihal Menzil,Nazan Ayas,"ayşe ferda eryılmaz, nehir erdem",bora onur,"aydın sarman ,burcu güven",Comedy,Drama,ufuk hakan eren,20,0.0,2017
120.0,7/31/2017 0:00,Kanal D,3,Çocuklar Duymasın,mint production,Pınar Altuğ,Zeyno Günenç Kanert,Mehmet Baran Erdoğan,birol güven,bora tekay,"aydın sarman ,burcu güven",Comedy,Family,birol güven,20,0.0,2017
120.0,9/16/2017 0:00,TRT 1,1,Yalaza,sinegraf,Sinan Albayrak,Didem Balçın,İpek Tuzcuoğlu,hasan kaçan,osman sınav,"barış aryay, mehmet andiçen",Family,Comedy,osman sınav,20,0.0,2017
120.0,7/4/2017 0:00,Star TV,1,Dolunay,no dokuz productions,Özge Gürel,Can Yaman,Hakan Kurtaş,"aysen günsu teker ,fikret bekler",çağrı bayraklı,"barış aryay, mehmet andiçen",Comedy,Drama,yağmur ünal,20,0.0,2017
90.0,7/3/2017 0:00,Star TV,2,Çember,ans production,Barış Bağcı,Pelin Akil,Anıl Altan,başak yazı odası,fulya yavuzoğlu,"barış aryay, mehmet andiçen",Action & Adventure,Crime,abdullah oğuz,20,0.0,2017
120.0,6/29/2017 0:00,Star TV,1,Ateşböceği,mia yapım,Seçkin Özdemir,Nilay Deniz,Çağrı Çıtanak,ebru hacıoğlu,barış yöş,"barış aryay, mehmet andiçen",Comedy,Drama,banu akdeniz,20,0.0,2017
140.0,6/15/2017 0:00,atv,1,Kanatsız Kuşlar,koliba film,Melis Tüzüngüç,Ümit İbrahim Kantarcılar,Fatih Al,"hakan haksun, eda karakoç, pervin bozan, elif başaran, burak kumdakçı",adnan güler,"barış aryay, mehmet andiçen",Drama,No second genre,ata türkoğlu,20,0.0,2017
120.0,5/26/2017 0:00,FOX,1,Şevkat Yerimdar,limon film,Özgürcan Çevik,Başak Parlak,Salih Kalyon,"erol hızarcı, meryem çitçi",bülent i̇şbilen,"barış aryay, mehmet andiçen",Comedy,Family,bülent i̇şbilen,20,0.0,2017
120.0,3/26/2016 0:00,Kanal D,1,Tatlı İntikam,d yapım,Leyla Lydia Tuğutlu,Furkan Andıç,Can Nergis,"pinar ordu ,ilker aslan",barış erçetin,"atakan ilgazdağ,özlem tekin",Comedy,Drama,ebru sakal,20,0.0,2016
120.0,11/3/2016,FOX,1,Umuda Kelepçe Vurulmaz,bi yapım,Begüm Birgören,Özge Özder,Mert Yazıcıoğlu,"yekta torun,duygu tankaş,hilal yıldız",cemal şan,"atakan ilgazdağ,özlem tekin",Drama,No second genre,burak sağyaşar,20,0.0,2016
120.0,2/17/2016,atv,1,Aile İşi,ntc medya,Ufuk Özkan,Pelin Akil,Hasibe Eren,"özgür evren heptürk,ferhat ergün",jale atabey,"can bonomo,can saban,ali rıza şahenk",Comedy,Drama,mehmet yiğit alp,20,0.0,2016
140.0,4/26/2016,Show TV,1,İstanbul Sokakları,gold film,Caner Cindoruk,Gizem Karaca,Rıza Kocaoğlu,"zülfük yücel,zehra yücel",adnan güler,i̇stanbul scoring team,Drama,Action & Adventure,faruk turgut,20,0.0,2016
120.0,3/18/2016,atv,1,Kehribar,süreç film,Gürkan Uygun,Necip Memili,Ayça Varlıer,"sinan tuzcu,ali aydın",yıldız hülya bilban,kıraç,Drama,Action & Adventure,ali gündoğdu,20,0.0,2016
60.0,1/6/2016 0:00,Star TV,4,Adını Sen Koy,karamel yapım,Gözde Gürkan,Merve Sevin,Cansu Pelin Özgün,başak yazı odası,fulya yavuzoğlu,korhan nart,Family,Drama,nazmiye yılmaz,17,0.0,2016
120.0,1/7/2016 0:00,FOX,2,Kördüğüm,endemol shine türkiye,İbrahim Çelikkol,Rojda Demirer,Ferit Aktuğ,"sedef bayburtluğlu, yasemin kırbaş, yiğit okan, feraye şahin, selin arapkırlı",gökçen usta,aytekin ataş,Drama,No second genre,ömer faruk sorak,20,0.0,2016
120.0,1/12/2016 0:00,Star TV,1,Gecenin Kraliçesi,o3 medya,Meryem Uzerli,Murat Yıldırım,Uğur Polat,"ozan aksungur, cüneyt aysan",taylan biraderler,aytekin ataş,Drama,Action,onur güvenatam,20,0.0,2016
120.0,11/17/2016 0:00,FOX,2,Ask yeniden,süreç film,Özge Özpirinçci,Buğra Gülsoy,Tamer Levent,"ersoy güler, eda tezcan, gülbike sonay üte, ramazan demirli",ersoy güler,batuhan fırat,Romantic,Comedy,i̇nci gündoğdu,20,0.0,2016
120.0,2/23/2016 0:00,Show TV,1,Kış Güneşi,endemol shine türkiye,Şükrü Özyıldız,Aslı Enver,Mahir Günşiray,"ayça mutlugil, alev toprakoğlu, erkan çıplak, hale çalap",murat onbul,emir ersoy,Drama,No second genre,gökhan tatarer,20,0.0,2016
120.0,2/9/2016 0:00,Kanal D,2,Hayat Şarkısı,most production,Burcu Biricik,Ecem Özkaya,Birkan Sokullu,mahinur ergun,cem karcı,"uğur akyürek, ufuk türk",Drama,No second genre,gül oğuz,20,0.0,2016
60.0,3/27/2016 0:00,Star TV,1,46 Yok Olan,nunova film,Selin Uludogan,Erdal Beşikçioğlu,Yasemin Kay Allen,ercan mehmet erdem,serdar akar,onur yüce,Mystery,Comedy,serdar akar,23.45,0.0,2016
120.0,7/15/2016 0:00,FOX,1,N'olur Ayrılalım,sinegraf,Nilay Duru,Aras Aydın,Hüseyin Gülhuy,"ayşe ferda eryılmaz, nehir erdem",yusuf omer sınav,yıldıray gürgen,Comedy,Romantic,osman sınav,20,0.0,2016
140.0,11/4/2016 0:00,atv,3,Aşk ve Mavi,ntc medya,Burcu Kıratlı,Cüneyt Mete,Ayşegül Ünsal,"gül abus semerci, yelda eroğlu",hakan arslan,alp yenier,Drama,Romantic,mehmet yiğit alp,20,0.0,2016
120.0,11/1/2016 0:00,Kanal D,2,Vatanım Sensin,o3 medya,Halit Ergenç,Bergüzar Korel,Onur Saylak,"necati şahin, nuran evren şit, nergis otluoğlu akoğlu,ali aydın, uygar şirin, melih özyılmaz, melek seven, deniz gürlek",yağmur taylan,yıldıray gürgen,Drama,War & Politics,nermin eroğu,20,0.0,2016
120.0,10/25/2016 0:00,Star TV,1,Anne,"mf pictures,med yapım",Cansu Dere,Beren Gökyıldız,Gonca Vuslateri,"deniz gürlek ,melih özyılmaz ,melek seven ,uygar şirin",merve girgin,"ercüment orkut ,cem tuncer ,nail yurtsever",Family,Drama,fatih aksoy,20,1.0,2016
150.0,10/22/2016 0:00,FOX,2,Kalbimdeki Deniz,pastel film,Özge Özberk,Kutsi,Yeşim Ceren Bozoğlu,"leyla uslu oter ,berat deniz demirbilek ,kerem bozok",hakan i̇nan,fırat yükselir,Family,Drama,efe i̇rvül,20,0.0,2016
120.0,10/16/2016 0:00,Star TV,1,Hayat Bazen Tatlıdır,süreç film,Birce Akalay,Ufuk Özkan,Kanbolat Görkem Arslan,gani müjde,hamdi alkan,jingleTV,Family,Drama,gani müjde,20,0.0,2016
90.0,10/13/2016 0:00,Show TV,1,Cesur Yürek,fark film,Ruveyda Öksüz,İsmail Hakkı Ürün,Şekip Taşpınar,"cüneyt aysan ,ozan aksungur",emre karakuşak,nevzat yılmaz,Drama,Crime,cüneyt aysan,20,0.0,2016
90.0,9/19/2016 0:00,Kanal D,1,Babam ve Ailesi,gold film,Ayça Bingöl,Ceyda Düvenci,Bulent İnal,"onur ugraš, murat jurkulak",nihat durak,"uğur akyürek, ufuk türk, çağlar haznedaroğlu",Drama,No second genre,faruk turgut,20,0.0,2016
135.0,8/28/2016 0:00,Show TV,1,Arkadaşlar İyidir,o3 medya,Aslı Melisa Uzun,İdris Nebi Taşkan,Su Kutlu,ekin atalar,zeynep günay tan,"uğur akyürek, ufuk türk, çağlar haznedaroğlu",Drama,Family,onur güvenatam,20,0.0,2016
140.0,8/26/2016 0:00,FOX,1,Bana Sevmeyi Anlat,ay yapım,Mahperi Mertoğlu,Kadir Doğulu,Seda Bakan,deniz akçay,mesude erarslan,toygar işıklı,Drama,Soap,kerem çatay,20,0.0,2016
120.0,8/20/2016 0:00,FOX,1,Rüzgarın Kalbi,filmevi yapım,Deniz Baysal,Burak Serdar Şanal,Başak Daşman,özge efendioğlu,filiz gülmez pakman,"ender gündüzlü, metin arıgül",Drama,Romantic,erol demir,20,0.0,2016
120.0,7/16/2016 0:00,Star TV,1,Yüksek Sosyete,bi yapım,Hazar Ergüçlü,Engin Öztürk,Ozan Dolunay,yazı odası,metin balekoğlu,"ender gündüzlü, metin arıgül",Comedy,Drama,feride kaytan,20,0.0,2016
120.0,7/12/2016 0:00,TRT 1,1,Hangimiz Sevmedik,bsk yapım,Altan Erkekli,Gül Onat,Can Yaman,"alphan dikmen, başak angigün",metin balekoğlu,"ender gündüzlü, metin arıgül",Drama,Comedy,çağrı bingüller,20,0.0,2016
120.0,4/29/2016 0:00,TRT 1,2,Sevda Kuşun Kanadında,sonart medya,Yavuz Bingöl,Murat Ünalmış,Müge Boz,"oktay berber, mustafa burak doğu, selma hacıosmanoğlu, alp emre",ayhan özen,"ender gündüzlü, metin arıgül",Drama,History,mesut uçakan,20,0.0,2016
120.0,6/27/2016 0:00,atv,1,Seviyor Sevmiyor,mf yapım,Gökhan Alkan,Gonca Sarıyıldız,Zeynep Tuğçe Bayat,cho sung - hee,yusuf pirhasan,kıvılcım ural,Comedy,Drama,yusuf pirhasan,20,1.0,2016
120.0,6/15/2016 0:00,Show TV,1,Aşk Laftan Anlamaz,bi yapım,Burak Deniz,Hande Erçel,Özcan Tekdemir,"makbule kosif, eda tezcan",burak sağyaşar,kıvılcım ural,Comedy,Drama,bahadır i̇nce,20,0.0,2016
140.0,6/6/2016 0:00,FOX,1,Hayat Sevince Güzel,limon film,Algı Eke,Ekin Mert Daymaz,Burak Çelik,hülya koper,eray koçak,"alpay göltekin ,zeynep alasya",Comedy,No second genre,hayri aslan,20,0.0,2016
34.0,6/1/2016 0:00,BluTV,6,Sıfır Bir,sıfır bir yapım,Cihangir Ceyhan,Savaş Satış,Burak Şahin,unknown,kadri beran taşkın,"salvatore riccardi, yıldıray gürgen",Action & Adventure,Crime,kadri beran taşkin,online,0.0,2016
120.0,5/13/2016 0:00,Kanal D,1,Hayatımın Aşkı,lucky red,Hande Doğandemir,Serkan Çayoğlu,Berk Hakman,"gökhan horzom, ekin atalar",hakan kıravaç,"salvatore riccardi, yıldıray gürgen",Comedy,No second genre,shebnem askin,20,0.0,2016
120.0,6/1/2016 0:00,Kanal D,1,Seref meselesi,d productions,Kerem Bursin,Şükrü Özyıldız,Yasemin Kay Allen,teodosio losito,altan dönmez,"salvatore riccardi, yıldıray gürgen",Drama,Romantic,elif ayşe durmaz,20,0.0,2016
120.0,12/6/2015,Kanal D,1,Hayat Mucizelere Gebe,med yapım,Damla Colbay,Hande Ataizi,Yiğit Dikmen,meryem gür,kerem altuğ,"gürkan kömürcü,targan berk türe",Romantic,Comedy,fatih aksoy,20,1.0,2015
120.0,7/2/2015,FOX,1,İnadına Aşk,sinegraf,Açelya Topaloğlu,Can Yaman,Nilay Duru,"nehir erdem,ayse ferda eryilmaz,asli gönülay",osman sınav,gökhan türkmen,Romantic,Comedy,osman sınav,20,0.0,2015
90.0,10/22/2015,atv,1,Analar ve Anneler,ay yapım,Hazal Ergüçlü,Binnur Kaya,Okan Yalabık,berkun oya,mehmet ada öztekin,toygar işıklı,Drama,Family,kerem çatay,20,0.0,2015
120.0,6/24/2015,Kanal D,1,Kalbim Ege'de Kaldı,limon film,Alper Saldıran,Oya Unustası,Serhat Özcan,gül abus semerci,ömer uğur,sezen aksu,Romantic,Comedy,hayri aslan,20,0.0,2015
120.0,3/5/2015,Star TV,1,Serçe Sarayı,"endemol türkiye,bazıfilmler",Songül Öden,Mert Fırat,Alican Yücesoy,"mustafa mutlu,arzu daştan mutlu,nuriye bilici,rodi güven yalçınkaya,şebnem çıtlak",mesude erarslan,"ali erkin çakmak,murat tükenmez",Drama,Family,"kemal kurçer,gökhan tatarer,soysal demir,hakan eren",20,0.0,2015
90.0,8/17/2015,FOX,1,Şehrin Melekleri,boyut film,Ümit İbrahim Kantarcılar,Yiğit Dikmen,Cenk Ertan,alphan dikmen,ilgaz giritlioğlu,tamer çıray,Drama,Action & Adventure,"salih karaman,murat tokat",20,0.0,2015
110.0,7/6/2015 0:00,Star TV,1,Tatlı Küçük Yalancılar,o3 medya,Bensu Soral,Büşra Develi,Beste Kökdemir,elif usman,cem karcı,sertab erener,Mystery,Drama,saner ayar,20,1.0,2015
120.0,6/19/2015 0:00,Star TV,2,Kiralik Ask,ortaks yapim,Elçin Sangu,Barış Arduç,Salih Bademci,meriç acemi,şenol sönmez,"alpay göltekin ,zeynep alasya",Comedy,No second genre,metin balekoğlu,20,0.0,2015
120.0,8/2/2015 0:00,TRT 1,2,Baba Can'dır,trt,Özgün Karaman,Tülay Bursa,Uraz Kaygılaroğlu,tayfun güneyer,yusuf pirhasan,alpay göltekin,Comedy,Drama,faruk bayhan,20,1.0,2015
120.0,1/7/2015 0:00,Kanal D,3,Poyraz Karayel,limon film,Ece Özdikici,Cem Cücenoğlu,Celil Nalçakan,ethem özışık,çağrı vila lostuvalı,alpay göltekin,Drama,Action & Adventure,hayri aslan,20,0.0,2015
120.0,2/12/2015 0:00,Show TV,3,Asla Vazgeçmem,gold film,Hakan Dinçkol,Tolgahan Sayışman,Amine Gülşe,"sırma yanık, melis civelek",nihat durak,"cem tuncer, enc müzik",Drama,Romantic,faruk turgut,20,0.0,2015
100.0,3/5/2015 0:00,TV8,2,Maral: En Güzel Hikayem,gold film,Hazal Kaya,Aras Bulut İynemli,Ceyda Düvenci,"gökhan horzum, korean derinsu, caner yalçın, hazar kozice, serpe yener",bahadır i̇nce,"cem tuncer, enc müzik",Drama,Romantic,arzu eğmir,20,0.0,2015
110.0,4/3/2015 0:00,TRT 1,1,MiLaT,miray yapım,İlhan Şeşen,Ufuk Bayraktar,Burcu Kara,"alphan dikmen, payitaht yazı grubu, başak anigün, gökmen turnalı",hakan kurşun,"engin arslan, mayki murat basaran, kalan müzik",Crime,Action & Adventure,eyüp gökhan özekin,20,0.0,2015
100.0,4/12/2015 0:00,atv,1,Mutlu Ol Yeter,ntc medya,Ali Atay,Aslı Enver,Ertan Saban,"ali demirel, barış erdoğan, volkan sümbül, yiğit özgür",kerem çakıroğlu,"baris diri,murat hasari,cem özkan",Family,Comedy,mehmet yiğit alp,15,0.0,2015
120.0,6/10/2015 0:00,Show TV,1,İlişki Durumu: Karışık,mf yapım,Seren Şirince,Berk Oktay,Pamir Pekin,banu kiremitçi bozkurt,bülent i̇şbilen,oya küçümen,Comedy,Drama,faruk bayhan,20,0.0,2015
120.0,6/18/2015 0:00,TRT 1,2,Yunus Emre: Aşkın Yolculuğu,mf yapım,Gökhan Atalay,Payidar Tüfekçioğlu,Ceyda Kasabalı,mehmet bozdağ,emre konuk,mehmet bozdağ,Drama,Historical fiction,mehmet bozdağ,20,0.0,2015
120.0,6/18/2015 0:00,Kanal D,1,Güneşin Kızları,süreç film,Evrim Alasya,Tolga Sarıtaş,Burcu Özberk,"deniz dargı, cenk boğatur, okşan tavaslıoğlu öztürk",sadullah celen,batuhan fırat,Drama,Comedy,sadullah celen,20,0.0,2015
90.0,6/21/2015 0:00,TRT 1,2,Yedi Güzel Adam,pusula film,Uraz Kaygılaroğlu,Uğur Karabulut,Orhan Kanalp,ahmet tezcan,adnan güler,engin bayrak,Drama,Family,i̇lksen fırat,20,0.0,2015
120.0,6/29/2015 0:00,atv,3,Kırgın Çiçekler,ntc medya,Hazar Motan,Aleyna Solaker,Nil Keser,"gül abus semerci, yelda eroğlu",mehmet yiğit alp,müzikopat,Drama,Family,mehmet yiğit alp,21,1.0,2015
120.0,7/16/2015 0:00,Star TV,1,Çilek Kokusu,gold film,Yusuf Çim,Leyla Uner Ermaya,Demet Özdemir,aslı zengin,filiz gülmez pakman,ayşe önder,Comedy,No second genre,faruk turgut,20,0.0,2015
127.5,9/8/2015 0:00,atv,5,Eşkıya Dünyaya Hükümdar Olmaz,gold film,Oktay Kaynarca,Deniz Çakır,Müjde Uzman,"raci şaşmaz, bahadır özdener, berna aruz",onur tan,ayşe önder,War & Politics,Crime,raci şaşmaz,21,0.0,2015
120.0,10/4/2015 0:00,atv,1,Evli ve Öfkeli,süreç film,Birce Akalay,Ebru Cündübeyoğlu,Yıldız Çağrı Atiksoy,cem görgeç,nisa akman,mustafa ceceli,Drama,Comedy,ali gündoğdu,20,0.0,2015
120.0,10/7/2015 0:00,atv,1,Eve Dönüs,yapım atölyesi,Cansel Elçin,Zeynep Özder,Dilşad Çelebi,ahmet saatçioğlu,kartal çidamlı,mustafa ceceli,Drama,No second genre,yalçın şen,20,1.0,2015
120.0,10/11/2015 0:00,Star TV,1,Hatırla Gönül,most production,Gökçe Bahadır,Engin Öztürk,Onur Saylak,"deniz yeşilgün, esra çetek yılmazer",neslihan yeşilyurt,"uğur akyürek,ufuk türk,cihangir aslan",Drama,No second genre,gül oğuz,20,0.0,2015
120.0,10/14/2015 0:00,Star TV,2,Kara Sevda,ay yapım,Burak Özçivit,Neslihan Atagül,Kaan Urgancıoğlu,"anıl eke ,özlem yılmaz ,burcu görgün",hilal saral,toygar işıklı,Drama,No second genre,kerem çatay,20,0.0,2015
130.0,11/12/2015 0:00,Star TV,2,Muhteşem Yüzyıl: Kösem,tims productions,Nurgül Yeşilçay,Farah Zeynep Abdullah,Beren Saat,"meral okay ,yılmaz şahin",taylan biraderler,"fahir atakoğlu, aytekin ataş, soner akalın",Drama,History,timur savcı,20,0.0,2015
120.0,12/20/2015 0:00,Show TV,1,Acı Aşk,tmc,Neriman Uğur,Mutlu Güney,Nazan Diper,onur ünlü,a. taner elhan,fairuz derin bulut,Drama,No second genre,timur savcı,20,0.0,2015
90.0,1/6/2015 0:00,Kanal D,1,Beş Kardeş,ay yapım,Merve Ateş,Serkan Keskin,Osman Sonant,onur ünlü,onur ünlü,toygar işıklı,Family,Comedy,onur ünlü,20,0.0,2015
110.0,2/27/2014,Kanal D,1,Boynu Bükükler,barakuda film,Sedef Avcı,Ahmet Saraçoğlu,Murat Akkoyunlu,cüneyt i̇nay,ömer uğur,"sertaç özgümüş,selim siyami sümer",Comedy,No second genre,"ahmet kayımtu,mahmut kayımtu",20,0.0,2014
100.0,2/3/2014,Show TV,1,Her Sevda Bir Veda,c yapım,Nik Xhelilaj,Elif Atakan,Devrim Evin,"gökhan horzum,murat koca",dilek keser,alpay göltekin,Romantic,Drama,"seyhan kaya,birol akbaba",20,0.0,2014
90.0,3/22/2014,FOX,1,Düşler ve Umutlar,limon film,Berkehan Tüter,Mustafa Uğurlu,Çağdaş Onur Öztürk,oya yüce,serpil kurtça,tamer çıray,Drama,Family,hayri aslan,20,0.0,2014
90.0,7/8/2014,FOX,1,Ruhumun Aynası,bando yapım,Tuba Ünsal,Filiz Ahmet,Özgürcan Çevik,zehra çelenk,bülent i̇şbilen,"mehmet andiçen ,barış aryay",Comedy,Family,"müge turalı,mehmet n. karaca",20,0.0,2014
100.0,4/26/2014,atv,2,Tatar Ramazan,tmc,Bülent İnal,Burak Yamantürk,Burcu Kara,can sinan,cevdet mercan,erol mutlu,Drama,Crime,erol avcı,22.15,1.0,2014
100.0,2/5/2014,Kanal D,1,Zeytin Tepesi,mf yapım,Aslıhan Gürbüz,Tayanç Ayaydın,Salih Bademci,"gülnaz yöş saraçoğlu,güneş saraçoğlu",barış yöş,erik satie,Drama,Romantic,fatih aksoy,20,1.0,2014
120.0,12/1/2014 0:00,Star TV,3,Paramparça,endemol shine türkiye,Ebru Özkan,Burkan Tozkoparan,Leyla Tanlar,yıldız tunç,cevdet mercan,"ayşe önder, ümit önder, mayki murat başaran",Action & Adventure,Comedy,gökhan tatarer,20,0.0,2014
120.0,12/11/2014 0:00,TRT 1,5,Diriliş: Ertuğrul,tekden film,Engin Altan Düzyatan,Nurettin Sönmez,Fahri Öztezcan,"mehmet bozdağ, atilla engin",metin günay,zeynep alasya,Action & Adventure,Drama,"mehmet bozdağ, kemal tekden",20,0.0,2014
110.0,9/3/2014,Kanal D,1,Benim Adım Gültepe,d productions,Mete Horozoğlu,Ayça Bingöl,İlker Kızmaz,vural yaşaroğlu,zeynep günay tan,uğur akyürek,Drama,History,e. ayşe durmaz,20,0.0,2014
70.0,12/14/2014,Star TV,2,Kadın İsterse,"mint production, ay yapım",Hülya Avşar,Cihan Ünal,Deniz Çakır,"yelda açıkgöz,nur özlem açıkgöz,birol güven,murat aras",bora tekay,"kalan müzik,hasan saltık",Drama,Comedy,"birol güven,kerem çatay",20,0.0,2014
110.0,8/27/2014,Show TV,2,Yılanların Öcü,koliba film,Cemal Toktaş,Hande Soral,Ahmet Varlı,"makbule kosif,eda tezcan",cemal şan,"kalan müzik,hasan saltık",Drama,No second genre,ata türkoğlu,20,1.0,2014
120.0,10/25/2014,atv,3,Kertenkele,yapım atölyesi,Timur Acar,Sera Tokdemir,Fatih Doğan,hakan kandal,kartal çidamlı,"önder samet kök,mustafa yazıcıoğlu, mustafa ceceli",Comedy,Action & Adventure,yalçın şen,20,0.0,2014
135.0,7/3/2014,FOX,2,Kocamın Ailesi,mia yapım,Seray Kaya,Gökhan Alkan,Yeliz Kuvancı,"nuray uslu,verda pars,şeyda delibaşı",kemal uzun,cem özkan,Family,Comedy,banu akdeniz,20,1.0,2014
100.0,1/28/2014,Kanal D,2,Küçük Ağa,erler film,Birce Akalay,Sarp Levendoğlu,Zafer Algöz,"ahmet yurdakul,sinan yurdakul,ozan yurdakul",erol özlevi,aysun akyüz,Family,Comedy,türker i̇nanoğlu,20,0.0,2014
100.0,12/4/2014,Show TV,1,Roman Havası,erler film,Oya Başar,Levent Ülgen,Petek Dinçöz,"fethi kantarcı, barkın şenüren, saygın delibaş ,gülşen okumuş",hakan arslan,tamer çıray,Comedy,Family,türker i̇nanoğlu,21.45,0.0,2014
120.0,12/23/2014 0:00,TRT 1,2,Filinta : Bir Osmanlı Polisiyesi,erler film,Onur Tuna,Cem Uçan,Berrak Tüzünataç,"ömer genç, altuğ küçük",osman kaya,tamer çıray,Crime,Action & Adventure,"yusuf esenkal, serdar öğretici",20,0.0,2014
100.0,10/26/2014,TRT 1,1,Şimdi Onlar Düşünsün,medyalab yapım,Şafak Sezer,Açalya Samyeli Danoğlu,Gökçe Özyol,"oktay berber,ömer pınar",süleyman seçik,cem erman,Comedy,Romantic,çağrı gedikoğlu,20,0.0,2014
120.0,2/16/2014 0:00,FOX,2,O Hayat Benim,pastel film,Ezgi Asaroğlu,Ezgi Asaroğlu,Ceren Moray Brun,"gül abus semerci, yelda eroğlu, can sinan, ali ercivan, serdar soydan, yekta torun",merve girgin,fahir atakoğlu,Drama,No second genre,"yaşar i̇rvül, efe i̇rvül",20,0.0,2014
90.0,8/31/2014 0:00,atv,1,Kalp Hırsızı,mint production,Mine Tugay,Kenan Ece,Berk Pamir,"birol güven, yaşar arak, caner güler",emre kavuk,fahir atakoğlu,Romantic,Comedy,birol güven,20,0.0,2014
90.0,1/1/2014 0:00,TRT 1,1,Hayat Ağacı,focus film,Fikret Kuşkan,Fırat Temir,Onur Saylak,volkan yazıcı,barış yöş,fahir atakoğlu,Drama,Family,nilgün sağyaşar,23,1.0,2014
120.0,1/7/2014 0:00,Kanal D,1,Cinayet,adam film,Nurgül Yeşilçay,Engin Altan Düzyatan,Uğur Polat,ercan mehmet erdem,serdar akar,frans bac,Crime,Mystery,"tarkan karlıdağ, cansu akbel",20,1.0,2014
60.0,2/13/2014 0:00,Star TV,2,Kardeş Payı,ntc medya,Ahmet Kural,Murat Cemcir,Seda Bakan,"selçuk aydemir, çağlar yurt, onay durgun, murat kaman, emrah kaman, ali i̇hsan varol",selçuk aydemir,"ahmet kural, murat cemcir, aytekin ataş",Family,Drama,mehmet yiğit alp,23,0.0,2014
120.0,3/12/2014 0:00,atv,2,Kara Para Aşk,ay yapım,Ali Yörenc,Engin Akyürek,Tuba Büyüküstün,"sema ergenekon ,eylem canpolat",ahmet katıksız,toygar işıklı,Action & Adventure,Drama,kerem çatay,20,0.0,2014
90.0,4/4/2014 0:00,Star TV,2,Kurt Seyit ve Şura,ay yapım,Kıvanç Tatlıtuğ,Farah Zeynep Abdullah,Fahriye Evcen,ece yörenç,hilal saral,toygar işıklı,Drama,History,kerem çatay,20,0.0,2014
120.0,6/24/2014 0:00,Star TV,2,Güzel Köylü,gold film,Gizem Karaca,Berk Cankat,Mehmet Ali Nuroğlu,"baykut badem, filiz ekinci, berk can doğan",mustafa şevki doğan,"mehmet andiçen ,barış aryay",Family,Romantic Comedy,faruk turgut,20,0.0,2014
105.0,7/8/2014 0:00,Kanal D,2,Güllerin Savaşı,med yapım,Damla Sönmez,Canan Ergüder,Barış Kılıç,"melis civelek, sırma yanık",emre kabakuşak,"ercüment orkut,mehmet cem tuncer,nail yurtsever",Drama,Romantic,fatih aksoy,20,0.0,2014
105.0,7/4/2014 0:00,FOX,2,Kiraz Mevsimi,süreç film,Özge Gürel,Serkan Çayoğlu,Nilperi Şahinkaya,"baykut badem ,filiz ekinci",mustafa şevki doğan,fahir atakoğlu,Comedy,No second genre,ali gündoğdu,19.3,0.0,2014
100.0,9/15/2014 0:00,Star TV,1,Reaksiyon,reaksiyon film,İbrahim Çelikkol,İsmail Demirci,Erdal Beşikçioğlu,"ozan aksungur, emre özdür",onur tan,fahir atakoğlu,Action & Adventure,Drama,ozan aksungur,20.3,0.0,2014
60.0,9/15/2014 0:00,Kanal 7,5,Elif,"fremantlemedia, green yapim",Selin Sezgin,Isabella Damla Guvenilir,Melisa Döngel,rüya i̇stanbul,fulya yavuzoğlu,"korhan nart,murat evgin",Drama,Romantic,özkan i̇pek,15,0.0,2014
93.0,10/10/2014 0:00,TRT 1,2,Yeşil Deniz,tft productions,Burak Alkaş,Ali Barkın,Mert Turak,"ali kara, i̇dris meydi, serkan birlik",yahya samancı,tuna hizmetli,Drama,Comedy,ayfer özgürel,20,0.0,2014
110.0,10/14/2014 0:00,Star TV,2,Kaderimin Yazildigi Gün,03 production,Metin Cekmez,Özcan Deniz,Hatice Şendil,"muharrem buhara, özlem atasoy, kerim ceylan, bektaş topaloğlu",ulaş i̇naç,"aytekin ataş, erdem doğan",Drama,Romantic,cengiz çağatay,20,0.0,2014
110.0,10/24/2014 0:00,atv,1,Beyaz Karanfil,fark film,Oya Unustası,Gizem Koçak,Kenan Çoban,"cüneyt aysan ,volkan sümbül",baran özçaylan,atakan ilgazdağ,Action & Adventure,Crime,bahadır özdener,20,0.0,2014
100.0,11/5/2014 0:00,FOX,1,Günahkar,mf yapım,Seçkin Özdemir,Gülcan Arslan,Hazal Filiz Küçükköse,"makbule kosif, nalan merter savaş, glsef karagöz, zafer özer çetinel",barış yöş,alp yenier,Drama,No second genre,"faruk bayhan, fatih aksoy",20,1.0,2014
100.0,12/8/2013,Show TV,1,Aşk Ekmek Hayaller,ans production,Müjde Ar,Sinan Tuzcu,Berna Laçin,unknown,abdullah oğuz,"burcu güven,aydın sarman",Drama,Romantic,abdullah oğuz,20,1.0,2013
120.0,6/26/2013,atv,1,Doksanlar,mint production,Sinem Yener Ekşioğlu,Renan Bilek,Gamze Gözalan,"birol güven,emre kavuk,sinan biçici,evrim aytaş",müfit can saçıntı,"burcu güven,aydın sarman",Comedy,History,birol güven,20,0.0,2013
90.0,1/24/2013 0:00,Show TV,1,Bebek İşi,limon film,Timur Acar,Nurgül Yeşilçay,Nevra Serezli,murat gürvardar,hayri aslan,alp yenier,Comedy,Family,hayri aslan,16,0.0,2013
90.0,7/1/2013,Star TV,1,Benim Hala Umudum Var,gold film,Gizem Karaca,Berk Oktay,Şükrü Özyıldız,deniz akçay,nisan akman,alp yenier,Romantic,Drama,faruk turgut,21,0.0,2013
90.0,1/4/2013 0:00,Kanal D,2,İntikam,"disney türkiye,in d house",Beren Saat,Yiğit Özşener,Mert Fırat,"berkun oya, nuran evren şit erdik",mesude erarslan,günay ünsal,Drama,Action & Adventure,mesude erarslan,20,1.0,2013
90.0,7/4/2013,atv,1,Aldırma Gönül,bkm,Şahin Irmak,Tülin Özen,Nadir Sarıbacak,"meriç demiray,barış erdoğan,cenk boğatur,cem görgeç",hakan algül,günay ünsal,Comedy,sit-com,necati akpınar,20,1.0,2013
100.0,4/9/2013,Show TV,1,Her Şey Yolunda,limon film,İpek Tuzcuoğlu,Bülent Alkış,Aslıhan Güner,caner güler,ömer uğur,günay ünsal,Romantic,Comedy,hayri aslan,20,0.0,2013
110.0,1/1/2013 0:00,TRT 1,3,Beni Böyle Sev,bsk yapım,Alper Saldıran,Zeynep Çamcı,Burcu Altın,"hakan haksun ,müjdan kayserli ,mert meriçli ,deniz büyükkırlı",cem tabak,günay ünsal,Family,Drama,çağrı bingüller,20,0.0,2013
120.0,8/31/2013,FOX,2,Fatih Harbiye,koliba film,Kadir Doğulu,Neslihan Atagül,Yunus Emre Yıldırımer,hayriye ersöz,sadullah celen,"emre dündar,murat uncuoglu,cem yildiz",Drama,Romantic,ata türkoğlu,20,1.0,2013
90.0,1/1/2013 0:00,Star TV,1,20 Dakika,ay yapım,İlker Aksum,Tuba Büyüküstün,Firat Celik,"kerem deren, pınar bulut",ali bilgin,"engin arslan,mayki murat basaran",Action & Adventure,Drama,kerem çatay,20,0.0,2013
120.0,4/13/2013,TRT 1,2,Osmanlı Tokadı,duka film,Uğur Çavuşoğlu,Alper Kul,İsmail Hacıoğlu,"resul ertas,necati sahin",mustafa sevki dogan,"engin arslan,mayki murat basaran",Comedy,No second genre,"inci gulen,ozkan ipek,sevda kaygisiz",20,0.0,2013
110.0,3/26/2013 0:00,FOX,2,Bir Aşk Hikayesi,mf yapım,Seçkin Özdemir,Damla Sönmez,Yamaç Telli,"makbule kosif, funda çetin, pınar uysal, zehra güleray",barış yöş,gökhan kırdar,Drama,Romantic,"faruk bayhan, fatih aksoy",20,1.0,2013
100.0,9/13/2013,Kanal D,1,Kayıp,d productions,Mete Horozoğlu,Aslı Enver,İlker Kaleli,elif usman,zeynep günay tan,gökhan kırdar,Drama,Family,ayşe durmaz,20,0.0,2013
70.0,3/21/2013,Kanal D,3,Galip Derviş,barakuda film,Engin Günaydın,Algı Eke,Ersin Korkut,andy breckman,barış pirhasan,tolga çebi,Crime,Comedy,"ahmet kayımtu,mahmut kayımtu",20,1.0,2013
90.0,7/1/2013,Kanal D,1,Güzel Çirkin,erler film,Naz Elmas,Ali Sunal,Cahit Gök,rüya i̇şçileri,kemal uzun,fırat yükselir,Crime,Comedy,i̇lker i̇nanoğlu,20,0.0,2013
100.0,3/29/2013 0:00,FOX,4,Karagül,avşar film,Ayça Ayşin Turan,Hilal Altınbilek,Mesut Akusta,"sema ergenekon, eylem canpolat, pınar uysal, funda çetin, erkan birgören, betül yağsağan, beril köse, özlem yücel, mert meriçli, hale çalap, özlem taşağal yakıcı",murat saraçoğlu,fırat yükselir,Drama,Action & Adventure,şükrü avşar,20,0.0,2013
90.0,9/24/2013 0:00,atv,2,Kaçak,süreç film,Gurkan Uygun,Berk Hakman,Mustafa Avkıran,zülküf yücel,ahmet volkan kocatürk,kıraç,Action & Adventure,Comedy,ali gündoğdu,20,0.0,2013
100.0,9/19/2013,Star TV,2,Aramızda Kalsın,tmc,Uğur Yücel,Binnur Kaya,Cengiz Bozkurt,"ceylan güleç,selin tunç",hatice memiş,aytuğ yargıç,Family,Comedy,erol avcı,20,0.0,2013
45.0,12/8/2013 0:00,FOX,1,1 Erkek 1 Kadın 2 Çocuk,bando yapım,Demet Evgar,Emre Karayel,No thirdStar,"ali alper erze ,meriç acemi ,utku gürtunca ,sadık bigat ,zeki enes akkan",leyla yaman,gaetan essiambre,Family,Comedy,"mehmet karaca, müge turalı",22,1.0,2013
70.0,10/25/2013 0:00,Star TV,1,Ben de Özledim,eflatun film,Gülce Oral,Sarp Aydınoğlu,Ezgi Çelik,burak aksak,onur ünlü,"ahmet kenan bilgic,okan kaya,taner yücel,burak akay",Comedy,Family,onur ünlü,23.3,0.0,2013
100.0,10/25/2013 0:00,Kanal D,1,A.S.K.,gold film,Nebahat Çehre,Hazal Kaya,Aslı Tandoğan,"evren şit, serdar soydan",ömür atay,aytekin ataş,Drama,Romantic,faruk turgut,20,0.0,2013
100.0,9/24/2013 0:00,Kanal D,1,Çalıkuşu,tims productions,Fahriye Evcen,Burak Özçivit,Elif İskender,sevgi yılmaz,çağan irmak,esin engin,Family,Drama,timur savcı,20,1.0,2013
95.0,2/13/2013,Kanal D,2,Merhamet,most production,Özgü Namal,İbrahim Çelikkol,Mustafa Üstündağ,mahinur ergun,çağatay tosun,ferhat livaneli,Drama,Romantic,gül oğuz,20,1.0,2013
100.0,9/30/2013,Kanal D,1,Fatih,med yapım,Mehmet Akif Alakurt,Gamze Özçelik,Seda Akman,"pınar uysal,funda çetin",merve girgin,fırat yükselir,Drama,History,fatih aksoy,20,0.0,2013
90.0,2/2/2013,atv,1,Bizim Okul,erler film,Zeki Alasya,Cezmi Baskın,Levent Ülgen,resul ertaş,yaşar seriner,murat evgin,Comedy,No second genre,türker i̇nanoğlu,20,0.0,2013
120.0,9/13/2013 0:00,Star TV,2,Medcezir,ay yapım,Çağatay Ulusoy,Serenay Sarıkaya,Metin Akdülger,"ece yörenç ,melek gençoglu",ali bilgin,toygar işıklı,Comedy,Drama,kerem çatay,20,1.0,2013
90.0,7/5/2013 0:00,FOX,1,Sana Bir Sır Vereceğim,scorfilms,Demet Özdemir,Murat Han,Esra Ronabar,ethem özışık,cevriye demir,aydın sarman,Drama,Mystery,fikret soğancı,20,1.0,2013
120.0,7/2/2013 0:00,Kanal D,1,Günesi Beklerken,d productions,Kerem Bursin,Hande Doğandemir,Yağmur Tanrısevsin,"deniz dargı, rüya i̇şçileri",altan dönmez,aydın sarman,Comedy,Drama,ayşe e. durmaz,20,0.0,2013
110.0,8/30/2012,TRT 1,4,Zengin Kız Fakir Oğlan,mint production,Hüseyin Avni Danyal,Ayda Aksel,Ufuk Özkan,"birol güven,yaşar arak,caner güler",hasan tolga pulat,aydın sarman,Family,Comedy,birol güven,20,0.0,2012
90.0,3/1/2012 0:00,Show TV,2,Suskunlar,tims productions,Sarp Akkaya,Aslı Enver,Murat Yıldırım,"pınar bulut,anıl eke",çağrı vila lostuvalı,aytekin ataş,Action & Adventure,Drama,timur savcı,20,1.0,2012
90.0,9/7/2012,atv,2,Huzur Sokağı,"set film,atv",Selin Demiratar,Kutsi,Güven Hokna,"selçuk akman	,hasan burak kayaci,ayça mutlugil,sule yüksel senler,eda tezcan	,alev toprakoglu uzma	,kubilay zerener	,hale çalap,funda çetin",senol sönmez,"cahit berkay,mazlum çimen,erdem dogan,gürsoy tanç",Drama,Romantic,"cem akyoldas,erdogan sevinç,osman enes yakut",20,1.0,2012
90.0,9/14/2012,Star TV,2,Dila Hanım,gold film,Erkan Petekkaya,Hatice Şendil,Mahir Günşiray,zülküf yücel,onur tan,"cahit berkay,mazlum çimen,erdem dogan,gürsoy tanç",Romantic,Drama,faruk turgut,20,1.0,2012
35.0,4/13/2012 0:00,Star TV,1,Acayip Hikayeler,acayip medya,Hayko Cepkin,Levent Güner,Zeynep Tuncay,"galip tekin,seyfi şahin",yunus nihat özcan,"emre irmak, kalan müzik, mayki",Mystery,Sci-Fi & Fantasy,galip tekin,24,0.0,2012
90.0,9/28/2012,FOX,1,Esir Şehrin Gözyaşları,koliba film,Yiğit Özşener,Sedef Avcı,Fırat Doğruloğlu,sevgi yılmaz,mehmet çağatay tosun,i̇skender paydaş,Drama,Romantic,ata türkoğlu,20,0.0,2012
75.0,2/7/2012,TRT 1,1,Kurt Kanunu,pana film,Ümit Acar,Ali Başar,Pelin Akil,"selma çergel, ayşegül hacıosmanoğlu, mediha polat",yasin uslu,i̇skender paydaş,Action & Adventure,No second genre,bahadır özdener,20,1.0,2012
90.0,5/28/2012,Kanal D,1,Sultan,i̇stanbul mass media,Nurgül Yeşilçay,Şahin Irmak,Merve Altınkaya,"yıldız bayazıt, seray şahiner",azime kanal,cem erman,Drama,Comedy,cengiz keten,20,0.0,2012
90.0,8/1/2012 0:00,Star TV,1,Evlerden Biri,koliba film,Özgür Çevik,Ceyda Ateş,Barış Aytaç,"hakan haksun, müjdan kayserli",bahadır i̇nce,tolga çebi,Drama,No second genre,ata türkoğlu,20,1.0,2012
86.0,6/28/2012 0:00,Star TV,1,İşler Güçler,limon film,Ahmet Kural,Murat Cemcir,Sadi Celil Cengiz,"selçuk aydemir, osman edip tekin, onay durgun",selçuk aydemir,tolga çebi,Comedy,No second genre,selçuk aydemir,22.3,0.0,2012
120.0,9/21/2012 0:00,TRT 1,2,Böyle Bitmesin,at yapım,Yeliz Kuvancı,Nergis Öztürk,Cemal Toktaş,atalay taşdiken,emre kabakuşak,"ercüment orkut,mehmet cem tuncer",Comedy,Drama,atalay taşdiken,16.35,0.0,2012
90.0,3/9/2012,Show TV,2,Eve Düşen Yıldırım,med yapım,Murat Han,Gizem Karaca,Seda Akman,meryem gül,feride kaytan,"ercüment orkut,mehmet cem tuncer",Drama,Romantic,fatih aksoy,22.3,1.0,2012
90.0,9/29/2012 0:00,atv,1,Alev Alev,erler film,İlker İnanoğlu,Rojda Demirer,Berk Oktay,mahinur ergun,mahinur ergun,toygar işıklı,Drama,Soap,türker i̇nanoğlu,20,0.0,2012
130.0,10/8/2012 0:00,atv,3,Karadayı,ay yapım,Kenan İmirzalıoğlu,Bergüzar Korel,Çetin Tekindor,"sema ergenekon ,eylem canpolat",uluç bayraktar,toygar işıklı,Family,Action & Adventure,kerem çatay,20,0.0,2012
90.0,9/27/2012,Kanal D,1,Veda,med yapım,Mehmet Aslantuğ,Fahriye Evcen,Maral Üner,sündüz haşar,merve girgin,zülfü livaneli,Drama,History,fatih aksoy,20,0.0,2012
90.0,9/14/2012 0:00,TRT 1,1,Şubat,eflatun film,Damla Sönmez,Hande Doğandemir,Melisa Sözen,"funda alp, onur ünlü",volkan kocatürk,ayşe önder,Mystery,Crime,onur ünlü,20,0.0,2012
90.0,9/14/2012,Kanal D,1,Kayıp Şehir,d productions,Gökçe Bahadır,Nik Xhelilaj,İlker Kaleli,"yıldırım türker,murat uyurkulak,seray şahiner,tuğrul eryılmaz,yelda eroğlu",cevdet mercan,sezen aksu,Drama,Family,e. ayşe durmaz,20,0.0,2012
90.0,10/9/2012,FOX,1,Merhaba Hayat,med yapım,Vahide Perçin,Yetkin Dikinciler,Keremcem,deniz büyükkirli,hülya bilban,"ercüment orkut,mehmet cem tuncer,nail yurtsever",Drama,Medical,fatih aksoy,20,1.0,2012
90.0,9/30/2012,FOX,1,Harem,tükenmezkalem film,Levent Üzümcü,Nurseli İdiz,Belma Canciğer,gani müjde,süleyman seçik,alpay göltekin,sit-com,Comedy,gani müjde,20,0.0,2012
80.0,3/12/2012,TRT 1,2,Bir Zamanlar Osmanlı,herşey film,Türkan Şoray,Özcan Deniz,Tolga Karel,"ertan kurtulan,hilal yıldız,gürsel korat,abdullah akın",altan dönmez,alpay göltekin,History,Drama,burhan özkan,20,0.0,2012
120.0,1/13/2012 0:00,Kanal D,4,Yalan Dünya,d productions,Altan Erkekli,Füsun Demirel,Olgun Şimşek,gülse birsel,jale atabey,nil karaibrahimgil,Family,Comedy,gülse birsel,20,0.0,2012
60.0,1/24/2012 0:00,TRT 1,7,Seksenler,mint production,Rasim Öztekin,Özlem Türkad,Soray Uzun,murat aras,bora tekay,"aydın sarman ,burcu güven",Comedy,Family,birol güven,19.5,0.0,2012
90.0,2/19/2012 0:00,atv,2,Uçurum,süreç film,Lavigna Longhi,Denise Capezze,Selçuk Yöntem,kerem deren,ali bilgin,alp yenier,Drama,Crime,"ali gündoğdu,i̇nci gündoğdu",20,0.0,2012
90.0,8/26/2012,Kanal D,1,Kötü Yol,gold film,Cansel Elçin,Şükran Ovalı,İlker Aksum,"hürer ebeoglu, zülküf yücel",nisan akman,mazlum çimen,Drama,No second genre,faruk turgut,20,1.0,2012
90.0,9/16/2011,atv,2,Alemin Kıralı,süreç film,Oya Başar,Şafak Sezer,Evrim Akın,"kemal kenan ergen ,kamuran süner",derya yaruç,"kadıköy acil, sancak, rapozof",Comedy,sit-com,"ali gündoğdu, i̇nci gündoğdu",20,0.0,2011
90.0,8/10/2011,atv,1,Aşağı Yukarı Yemişlililer,bkm mutfak,Şahin Irmak,Bülent Emrah Parlak,Murat Eken,"gülhan tekin, şahin irmak, bülent emrah parlak, murat eken, büşra pekin",şahin altuğ,tamer çıray,Comedy,No second genre,şahin altuğ,20,0.0,2011
90.0,3/25/2011,atv,1,Tövbeler Tövbesi,limon film,Tuba Ünsal,Cemal Toktaş,Keremcem,"zülküf yücel,hürer ebeoğlu",aydın bulut,tamer çıray,Drama,Romantic,hayri aslan,20,0.0,2011
90.0,9/7/2011,Kanal D,2,Kuzey Güney,ay yapım,Kıvanç Tatlıtuğ,Öykü Karayel,Buğra Gülsoy,"ece yörenç ,melek gençoglu",hilal saral,toygar işıklı,Drama,Action & Adventure,kerem çatay,20,0.0,2011
90.0,1/6/2011 0:00,Show TV,4,Muhteşem Yüzyıl,tims productions,Halit Ergenç,Meryem Uzerli,Nur Fettahoğlu,"meral okay ,yılmaz şahin",taylan biraderler,"fahir atakoğlu, aytekin ataş, soner akalın",Drama,History,timur savcı,20,0.0,2011
120.0,1/14/2011 0:00,Show TV,2,Adını Feriha Koydum,med yapım,Hazal Kaya,Çağatay Ulusoy,Vahide Perçin,"melis civelek, sırma yanık",merve girgin,"nail yurtsever, cem tuncer",Drama,Romantic,fatih aksoy,20,0.0,2011
85.0,2/9/2011 0:00,TRT 1,3,Leyla ile Mecnun,eflatun film,Ali Atay,Serkan Keskin,Ahmet Mümtaz Taylan,burak aksak,onur ünlü,mehmet erdem,Comedy,Drama,onur ünlü,22,0.0,2011
80.0,4/5/2011 0:00,Kanal D,1,Üsküdar'a Giderken,eflatun film,Tülin Özen,Murat Cemcir,Erkan Can,selçuk aydemir,selçuk aydemir,kerem cakiroglu,Comedy,No second genre,selçuk aydemir,20,0.0,2011
90.0,9/8/2011 0:00,Kanal D,2,Fatmagül'ün Suçu Ne?,ay yapım,Beren Saat,Engin Akyürek,Firat Celik,"ece yörenç ,melek gençoglu",hilal saral,toygar işıklı,Drama,No second genre,vedat türkali,20,1.0,2011
90.0,9/9/2011 0:00,Kanal D,1,Bir Çocuk Sevdim,tmc,Çetin Tekindor,Gülcan Arslan,Hakan Kurtaş,"gaye boralıoğlu, sema ali erol, figen şakacı, emine algan, ümit kıvanç",cevdet mercan,"mehmet cem tuncer,nail yurtsever",Drama,Family,timur savcı,20,0.0,2011
105.0,9/17/2011 0:00,Star TV,2,İffet,gold film,Deniz Çakır,İbrahim Çelikkol,Zuhal Olcay,"can sinan ,zehra güleray",faruk teber,"mehmet andiçen ,barış aryay",Drama,No second genre,zülküf yücel,20,1.0,2011
140.0,11/8/2011 0:00,atv,2,Hayat Devam Ediyor,boyut film,Fikret Kuşkan,Şenay Gürler,Menderes Samancılar,mahsun kırmızıgül,mahsun kırmızıgül,mahsun kırmızıgül,Drama,Family,murat tokat,20,0.0,2011
90.0,1/6/2011 0:00,Kanal D,1,Şüphe,d productions,Selin Demiratar,Serkan Altunorak,Ismail Hacioglu,"hürer ebeoglu, zülküf yücel",abdullah oğuz,kıraç,Crime,Drama,tarkan karlıdağ,20,0.0,2011
90.0,8/8/2011,TRT 1,2,Yamak Ahmet,okur film,Ferit Aktuğ,Kemal Uçar,Başak Parlak,"tanıl arayancan, tufan gündüz, aslı alabaz pehlivan, ramazan demirli, eda tezcan",tuba german,kıraç,History,Drama,ahmet okur,20,0.0,2011
80.0,10/19/2011,TRT 1,1,Mavi Kelebekler,sinevizyon,Alma Terzic,Burak Hakkı,Oya Okar,ümit demiray,metin balekoğlu,kıraç,Drama,War & Politics,rezzan diniz,20,0.0,2011
60.0,9/12/2011,atv,1,Al Yazmalım,ay yapım,Seçkin Özdemir,Özge Özpirinçci,Barış Falay,mahinur ergun,nisan akman,toygar işıklı,Drama,Romantic,kerem çatay,20,0.0,2011
100.0,9/25/2011,TRT 1,3,Avrupa Avrupa,mia yapım,Tarık Papuççuoğlu,Selen Seyven,Burak Serdar Şanal,"fethi kantarcı,saygın delibaş,barkın şenüren",şafak bal,"alper atakan,mehmet erdem",sit-com,Comedy,banu akdeniz,20,0.0,2011
90.0,2/26/2011,Star TV,1,İzmir Çetesi,pastel film,Kadir İnanır,Kenan Ece,Mustafa Üstündağ,alican yaraş,murat şeker,ceyda pirali,Comedy,No second genre,yaşar i̇rvül,20,0.0,2011
90.0,9/16/2011,atv,2,Alemin Kralı,süreç film,Oya Başar,Şafak Sezer,Evrim Akın,"kemal kenan ergen ,kamuran süner",derya yaruç,günay ünsal,Comedy,sit-com,"ali gündoğdu,i̇nci gündoğdu",20,0.0,2011
90.0,10/2/2011,Kanal D,3,Umutsuz Ev Kadınları,"med yapım,abc studios",Songül Öden,Bennu Yıldırımlar,Ceyda Düvenci,"meryem gür,gül gürsoy,yelda eroğlu",özlem bayşu ünlü,"ayşe önder,ümit önder",Comedy,Crime,fatih aksoy,20,1.0,2011
120.0,10/25/2011,Show TV,3,Pis Yedili,tükenmezkalem film,Ayşegül Aldinç,Turan Özdemir,Kadir Doğulu,"tufan karaköse,gani müjde",asli atakuru,"tamer ciray,murat özdemir",Comedy,No second genre,selim aydogdu,20,0.0,2011
120.0,12/10/2011,Kanal D,1,Keşanlı Ali Destanı,d productions,Nejat İşler,Belçim Bilgin,Turgut Tuncalp,"özen yula, zeynep özlem havuzlu, hale akınlı",çağan irmak,"aria, bora ebeoğlu, cengiz onural, cenk erdoğan, ceyda pirali, yalçın tura",Drama,War & Politics,emel s. aksoy,20,1.0,2011
90.0,7/11/2011,atv,1,Kurşun Bilal,j plan,Gökhan Mumcu,Arda Kural,Leyla Göksun,hasan karacadağ,hasan karacadağ,alpay göltekin,Drama,Action,hasan karacadağ,20,0.0,2011
100.0,2/9/2011,FOX,2,Canan,koliba film,Gamze Özçelik,Özlem Conker,Erdinç Gülener,"orçun okşan, mert meriçli, nilüfer zeynep özçelik, yelda eroğlu",bahadır i̇nce,nail yurtsever,Drama,No second genre,ata türkoğlu,20,0.0,2011
90.0,9/30/2011,TNT,1,Dedektif Memoli,süreç film,Emre Kızılırmak,Burcu Esmersoy,Özlem Yılmaz,tayfun güneyer,tayfun güneyer,ali otyam,Action,Crime,ali gündoğdu,20,0.0,2011
90.0,3/15/2010,Show TV,2,Türk Malı,kuzey production,Şafak Sezer,Binnur Kaya,Hazal Şenel,tayfun güneyer,tayfun güneyer,"gokdeniz karayaka, rapozof",Comedy,No second genre,"ali gündoğdu, mehmet yiğit alp",20,0.0,2010
90.0,8/9/2010,FOX,3,Yer Gök Aşk,avşar film,Birce Akalay,Murat Ünalmış,Burak Hakkı,"sema ergenekon,eylem canpolat,berfu soner",canan çelik,aytekin ataş,Drama,Romantic,şükrü avşar,20,1.0,2010
90.0,7/14/2010,Kanal D,2,Küçük Sırlar,tims productions,Sinem Kobal,Burak Özçivit,Merve Boluğur,"nukret bıçakçı, aylin alıveren",cevriye demir,teoman,Drama,No second genre,timur savcı,20,0.0,2010
90.0,7/5/2010,atv,2,Şen Yuva,bkm,Ceyda Düvenci,Levent Üzümcü,Ayşegül Atik,"emrah serbes, emrah sinanoğlu",hakan algül,febyo tasel,Comedy,Family,necati akpınar,20,0.0,2010
90.0,9/17/2010,Show TV,1,Deli Saraylı,süreç film,Perran Kutman,Çetin Tekindor,Köksal Engür,gökhan karagülle,gani müjde,febyo tasel,Comedy,History,ali gündoğdu,20,0.0,2010
95.0,1/1/2010,atv,1,Bitmeyen Şarkı,gold film,Bergüzar Korel,Bülent İnal,Tuncer Salman,"deniz akcay katiksiz, özen rodop,  onur ugras",sadullah celen,febyo tasel,Drama,Romantic,faruk turgut,20,0.0,2010
100.0,8/20/2010,Star TV,1,Umut Yolcuları,erler film,Zuhal Olcay,Yetkin Dikinciler,Haluk Piyes,ahmet yurdakul,ümmü burhan,murat evgin,Crime,No second genre,türker i̇nanoğlu,20,0.0,2010
90.0,2/6/2010,atv,2,Gönülçelen ,asis yapım,Tuba Büyüküstün,Cansel Elçin,Onur Saylak,"gül dirican, sertaç ergin, ali demir, muharrem buhara",cevdet mercan,i̇skender paydaş,Comedy,Drama,tomris giritlioğlu,20,0.0,2010
91.0,9/14/2010 0:00,FOX,4,Lale Devri,avşar film,Tolgahan Sayışman,Selen Soyder,Kenan Bal,"şebnem çıtak ,eylem canpolat ,sema ergenekon ,banu tekcan ,devrim yıldız özdemir",murat düzgünoğlu,i̇skender paydaş,Drama,No second genre,şükrü avşar,20,0.0,2010
75.0,7/8/2010 0:00,Kanal D,3,Kanıt,ans production,Sevil Atasoy,Ece Güzel,Engin Benli,ahmet saatçioğlu,biray dalkıran,"cem yildiz, cenk sanlioğlu",Action,Crime,abdullah oğuz,23,0.0,2010
75.0,9/19/2010 0:00,Star TV,4,Behzat Ç.: Bir Ankara Polisiyesi,"inter medya,adam film",Erdal Beşikçioğlu,Güven Kıraç,Nejat İşler,ercan mehmet erdem,serdar akar,pilli bebek,Drama,War & Politics,emrah serbes,20,0.0,2010
100.0,9/17/2010 0:00,Kanal D,3,Öyle Bir Geçer Zaman Ki,d productions,Ayça Bingöl,Erkan Petekkaya,Aras Bulut İynemli,coşkun irmak,zeynep günay tan,mehmet cem tuncer,Drama,Family,zeynep günay tan,20,0.0,2010
90.0,7/16/2010 0:00,atv,2,Yahşi Cazibe,süreç film,Hakan Yılmaz,Aslıhan Gürbüz,Gökçe Özyol,"gani müjde ,özlem aybek ,emre bülbül",bora onur,"kadıköy acil, ropozof",Family,Comedy,gani müjde,20,0.0,2010
90.0,1/5/2010 0:00,atv,2,Aşk ve Ceza,tmc,Tomris İncer,Murat Yıldırım,Nurgül Yeşilçay,"mehmet bilal, murat lütfü, yildiz tunç, ethem yekta",osman albayrak,kıraç,Drama,Romantic,tomris giritlioğlu,20,0.0,2010
90.0,12/23/2009,Star TV,1,Makber,pana film,Seda Bakan,Devrim Nas,Gamze Karaman,"şebnem askoy, ozan aksungur, umut açıkalın",kemal uzun,cem erman,Drama,Romantic,raci şaşmaz,20,0.0,2009
90.0,9/14/2009,Star TV,1,Kül ve Ateş,asis film,Serhat Tutumluer,Başak Köklükaya,Hakan Balamir,"hale çalap demiray, feza doğru, rüya i̇şçileri, ayhan sonyürek",cemile kırmızı karadaş,toygar işıklı,Drama,No second genre,"ilgaz giritlioglu, bahadir atay",20,0.0,2009
105.0,9/28/2009 0:00,atv,2,Ezel,ay yapım,Kenan İmirzalıoğlu,Cansu Dere,Yiğit Özşener,kerem deren,uluç bayraktar,toygar işıklı,Crime,Drama,uluç bayraktar,20,1.0,2009
90.0,9/4/2009 0:00,Kanal D,2,Hanımın Çiftliği,gold film,Özgü Namal,Mehmet Aslantuğ,Caner Cindoruk,zülküf yücel,faruk teber,"mazlum çimen,saki çimen",Drama,Romantic,faruk turgut,20,1.0,2009
90.0,8/25/2009 0:00,FOX,2,Ömre Bedel,gold film,Murat Han,Begüm Birgören,Mehmet Ali Nuroğlu,"deniz akçay,onur uğraş,armağan gülşahin",nihat durak,aytekin ataş,Drama,Romantic,faruk turgut,22,0.0,2009
90.0,5/25/2009 0:00,Kanal D,2,Bir Bulut Olsam,tims productions,Melisa Sözen,Engin Akyürek,Engin Altan Düzyatan,meral okay,ulaş i̇naç,aytekin ataş,Drama,No second genre,timur savcı,21,0.0,2009
90.0,1/1/2009 0:00,Show TV,2,Melekler Korusun,tims productions,Hümeyra Akbay,Avni Yalçin,Rojda Demirer,"eylem canpolat, sema ergenekon",cevriye demir,halil kurt,Comedy,Drama,timur savcı,20,0.0,2009
90.0,7/1/2009,atv,2,Unutulmaz,stil medya,Serhan Yavaş,Sinem Öztufan,Özlem Yılmaz,"haldun ünsal, i̇hsan aydın",ersoy güler,halil kurt,Drama,No second genre,ahmet bayram,20,0.0,2009
90.0,1/6/2009,Star TV,4,Papatyam,mint production,Metin Akpınar,Nilgün Kasapbaşoğlu,Deniz Oral,murat aras,bora tekay,aydin sarman,Comedy,Family,birol güven,20,0.0,2009
90.0,7/8/2009,Kanal D,3,Geniş Aile,d productions,Ufuk Özkan,Fırat Tanış,Rasim Öztekin,cüneyt i̇nay,ömer uğur,gripin,Comedy,Family,"ahmet kayumtu, lale eren",20,0.0,2009
70.0,10/13/2009 0:00,Show TV,1,Bu Kalp Seni Unutur Mu?,asis yapım,Berrak Tüzünataç,Engin Hepileri,Okan Yalabık,nilgün öneş,aydın bulut,irsad aydin,Drama,War & Politics,tomris giritlioğlu,20,0.0,2009
80.0,6/17/2009,atv,1,Altın Kızlar,play prodüksiyon,Hülya Koçyiğit,Türkan Şoray,Fatma Girik,"şebnem çıtak, feride çiçekoğlu",levent demirkale,"mehmet can erdogan, okan samil",Comedy,No second genre,armağan çağlayan,20,1.0,2009
90.0,5/26/2008,Star TV,1,Baba Ocağı,sinetel film,Engin Şenkan,Ali Sürmeli,Ali İpin,"h. baykut badem, arzu birol, filiz ekinci, emin gürsoy",mustafa şevki doğan,aytekin ataş,Comedy,Family,i̇brahim mertoğlu,20,0.0,2008
90.0,7/2/2008,Kanal D,1,Cesaretin Var Mı Aşka,sinetel film,Engin Altan Düzyatan,Özge Özpirinçci,Tarık Papuççuoğlu,yann samuell,ömer uğur,jehan barbur,Drama,Comedy,hayri aslan,20,0.0,2008
90.0,11/18/2008,atv,2,Canım Ailem,tmc,Uğur Yücel,Ozan Güven,Şebnem Bozoklu,"selin tunç, nihat emültay, ceylan güleç, ayhan sonyürek",sadullah celen,"deniz tuzcuoglu,targan berk türe",Family,Comedy,erol avcı,20,0.0,2008
90.0,7/14/2008,Kanal D,5,Akasya Durağı,erler film,Zeki Alasya,Cezmi Baskın,Levent Ülgen,resul ertaş,yaşar seriner,aria,Comedy,Family,türker i̇nanoğlu,20,0.0,2008
90.0,7/18/2008,TRT 1,1,Mert ile Gert,plato film,Emre Altuğ,Ragga Oktay,Begüm Birgören,"mahinur ergun, kubilay tunçer",hakan algün,cagri ayyildiz,Comedy,No second genre,snian çetin,20,0.0,2008
30.0,10/2/2008 0:00,Turkmax,8,1 Kadın 1 Erkek,"ortaks yapim,avanti groupe",Emre Karayel,Demet Evgar,Hande Subaşı,"guy a. lepage , meriç acemi, aysin akbulut, itir arda, evrim aytas, murat disli, ali ercivan",müge turali,cagri ayyildiz,Comedy,Soap,mehmet altioklar,15,1.0,2008
80.0,5/13/2008,Star TV,2,Yol Arkadaşım,asis yapım,Özge Özberk,Polat Bilgin,Sinan Tuzcu,çağan irmak,irmak çığ,aria,Drama,Comedy,"ilgaz giritlioğlu, bahadır atay",20,0.0,2008
90.0,1/1/2008,TRT 1,1,Dur Yolcu,trt,Hazım Körmükçü,Selin Demiratar,Cem Kılıç,ömer erbil,hakan şahin,toygar işıklı,Drama,History,ahmet yenilmez,20,0.0,2008
84.0,9/4/2008 0:00,Kanal D,2,Aşk-ı Memnu,ay yapım,Selçuk Yöntem,Nebahat Çehre,Beren Saat,"ece yörenç ,melek gençoglu",hilal saral,toygar işıklı,Drama,Romantic,kerem çatay,20,1.0,2008
90.0,6/10/2008,Kanal D,3,Küçük Kadınlar,d productions,Özge Borak,Hande Soral,Fulya Zenginer,deniz akçay,hakan arslan,"kıraç, cem yıldız",Drama,No second genre,ayşe durmaz,20,1.0,2008
90.0,8/8/2008,atv,2,Doludizgin Yıllar,sinegraf,Yusuf Ömer Sınav,Selen Seyven,Arda Kural,"yigit güralp, aybars bora kahyaoglu",osman sınav,cem erman,Drama,No second genre,osman sınav,20,0.0,2008
100.0,1/1/2008 0:00,Star TV,1,Son Bahar,gold film,Ahmet Mümtaz Taylan,Erkan Petekkaya,Ayça Varlıer,melih cam,adnan güler,kıraç,Family,Drama,faruk turgut,20,0.0,2008
90.0,1/21/2008,Show TV,1,Pars: Narkoterör,sinegraf,İbrahim Çelikkol,Seda Bakan,Murat Ergun,"aybars bora kahyaoğlu, selman kılıçaslan, onur şener",metin günay,gökhan kırdar,Drama,Action & Adventure,osman sınav,20,0.0,2008
90.0,1/1/2008,TRT 1,1,Süper Babaanne,avşar film,Murat Kubilay,Asuman Dabak,Mustafa Uzunyılmaz,"gani müjde, gökhan karagülle",serkan kızıldağ,targan türe,Family,Comedy,şükrü avşar,20,0.0,2008
90.0,3/30/2008,atv,3,Benim Annem Bir Melek,bkm,Oya Başar,Tarık Ünlüoğlu,Dolunay Soysert,vasıf küçükoruç,hakan algül,targan türe,Comedy,Family,elif yakarçelik,20,0.0,2008
90.0,11/7/2008 0:00,atv,3,Adanalı,kuzey production,Mehmet Akif Alakurt,Oktay Kaynarca,Selin Demiratar,tayfun güneyer,tayfun güneyer,nail yurtsever,Action & Adventure,Crime,tayfun güneyer,20,0.0,2008
90.0,10/26/2007 0:00,Kanal D,2,Asi,asis yapım,Tuncel Kurtiz,Cemal Hünal,Tuba Büyüküstün,sebnem çitak,cevdet mercan,nail yurtsever,Drama,Romantic,tomris giritlioglu,20,0.0,2007
80.0,9/2/2007 0:00,Show TV,2,Dudaktan Kalbe,ay yapım,Özge Özder,Aslı Tandoğan,Yiğit Özşener,"ece yörenç ,melek gençoglu",andaç haznedaroğlu,toygar işıklı,Drama,Romantic,kerem çatay,22,1.0,2007
98.0,6/2/2007 0:00,Show TV,1,Hayat Apartmanı,pastel film,Ahmet Mümtaz Taylan,Köksal Çalık,Levent Ülgen,"müfit can saçıntı , yılmaz okumuş , caner güler",hüdaverdi yavuz,cahit berkay,Family,Comedy,yaşar i̇rvül,20,0.0,2007
90.0,1/1/2007,Star TV,2,Vazgeç Gönlüm,gold film,Murat Han,İrem Altuğ,Bulut Aras,"ayşe teker, nur araboğa, zeliha doğan, rasim doğan, deniz kamacı, sevgi yılmaz, devrim yıldız özdemir, berfu soner",adnan güler,cahit berkay,Drama,No second genre,faruk turgut,20,0.0,2007
100.0,8/30/2007,Kanal D,2,Annem,gold film,Vahide Perçin,Duygu Yetiş,Talat Bulut,gamze özer,faruk teber,kıraç,Drama,No second genre,faruk turgut,20,0.0,2007
90.0,9/20/2007,atv,3,Elveda Rumeli,adam film,Erdal Özyağcılar,Şebnem Sönmez,Gülçin Santırcıoğlu,alican yaraş,serdar akar,ayşe önder,Drama,History,tarkan karlıdağ,20,0.0,2007
90.0,4/19/2007 0:00,Kanal D,10,Kurtlar Vadisi: Pusu,pana film,Muhammed Necati Şaşmaz,Kenan Çoban,Gürkan Uygun,"raci şaşmaz ,bahadır özdener ,cüneyt aysan ,pana yazım grubu ,murat koca ,cahit kayaoğlu ,selma hacıosmanoğlu ,ayşegül hacıosmanoğlu",onur tan,gökhan kırdar,Action & Adventure,Drama,raci şaşmaz,20,0.0,2007
100.0,9/7/2007,Kanal D,1,Menekşe ile Halil,ay yapım,Sedef Avcı,Kıvanç Tatlıtuğ,Hasan Küçükçetin,"melek gençoğlu, ece yörenç, elif şafak",uluç bayraktar,toygar işıklı,Drama,Romantic,kerem çatay,20,0.0,2007
90.0,7/3/2007,Kanal D,1,Genco,d productions,Alpay Kemal Atalan,Selen Seyven,Hazal Kaya,i̇lker barış,kemal uzun,cem erman,Drama,Family,"olcay tomakin, abdullah yayla, yahya tomakin, necmi kolayca, serkan ipek",20,0.0,2007
80.0,9/10/2007,atv,1,Fesupanallah,pana film,Şafak Sezer,Kadir Çöpdemir,Hasan Kaçan,"hasan kaçan, ozan aksungur, behiç pek, ali demirel, nil güleç ünsal",zübeyr şaşmaz,erkin koray,Drama,Comedy,raci şaşmaz,20,0.0,2007
85.0,9/3/2007,Show TV,1,Kuzey Rüzgârı,duka film,Kadir İnanır,Oktay Kaynarca,Ebru Kocaağa,"baykut badem, filiz ekinci, arzu birol",mustafa şevki doğan,"aydoğan ataş, soner akalın",Romantic,Action & Adventure,i̇brahim mertoğlu,20,0.0,2007
98.0,1/1/2007,Star TV,1,Sır Gibi,fm yapım,İsmet Üstekin,Kaya Erdaş,Tuğçe Ersoy,neslihan eyüboğlu,şengül halat atak,nail yurtsever,Drama,Family,Unknown,20,0.0,2007
100.0,5/31/2007 0:00,Kanal D,5,Kavak Yelleri,tims productions,Aslı Enver,Daghan Kulegec,Ibrahim Kendirci,"nükhet bıçakçı ,ekin atalar ,yılmaz sahin",taner elhan,"cenk durmazel ,cenk sarkuş",Comedy,Drama,timur savcı,20,0.0,2007
90.0,9/4/2007,FOX,3,Bez Bebek,focus film,Evrim Akın,Tan Sağtürk,Alpay Kemal Atalan,nilbanu engindeniz,serpil kurtça,"cenk durmazel ,cenk sarkuş",Kids,Comedy,nilgün sağyaşar,20,0.0,2007
90.0,12/13/2007,atv,3,Parmaklıklar Ardında,play prodüksiyon,Selda Alkor,Serra Yılmaz,Yelda Reynaud,"feride çiçekoğlu, şebnem çıtak",hakan gürtop,kerem güney,Crime,Drama,"ayşe durukan, uğur başaran",20,1.0,2007
90.0,9/21/2006 0:00,atv,1,Ahh İstanbul,gold film,Tarık Akan,Suzan Aksoy,Ceyda Ateş,mahinur ergun,çağatay tosun,sezen aksu,Drama,Family,faruk turgut,20,0.0,2006
90.0,9/10/2006,atv,3,Selena,süreç film,Sinem Kobal,Gökhan Keser,Cansu Demirci,"gani müjde, fatih solmaz, emre bülbül, nilüfer yenidoğan, gökhan karagüle",bora onur,temel zümrüt,Sci-Fi & Fantasy,Comedy,"ali gündoğdu, i̇nci kırhan gündoğdu",20,0.0,2006
100.0,12/28/2006,Show TV,4,Doktorlar,med yapım,Kutsi,Yasemin Ergene,Leyla Göksun,"ebru hacioglu,hande turel",merve girgin,arikan sirakaya,Drama,Medical,fatih aksoy,20,1.0,2006
90.0,10/27/2006 0:00,atv,3,Hatırla Sevgili,asis yapım,Okan Yalabık,Cansel Elçin,Beren Saat,nilgün öneş,ümmü burhan,"murat evgin, temel zümrüt",Drama,History,ilgaz giritlioğlu,20,0.0,2006
60.0,7/7/2006,Kanal D,2,Acemi Cadı,d productions,Şenay Gürler,Merve Boluğur,Nergis Kumbasar,haluk özenç,feride kaytan,"murat evgin, temel zümrüt",Family,Sci-Fi & Fantasy,"ahmet kayimtu, umit ozer",20,0.0,2006
70.0,7/3/2006,Kanal D,1,Fırtına,d productions,Burçin Terzioğlu,Murat Yıldırım,Zerrin Sümer,gökhan horzum,metin balekoğlu,bolahenk,Family,Comedy,necati akpınar,20,0.0,2006
70.0,1/1/2006,Star TV,1,Kaybolan Yıllar,base productions,Saruhan Hünel,Yeşim Büber,Burak Hakkı,"sergin akyaz, seçil akyaz çolak, makbule kosif, zehra güleray",gülçin gülbahçe,bolahenk,Drama,Romantic,sergin akyaz,20,0.0,2006
90.0,9/13/2006,Kanal D,5,Yaprak Dökümü,ay yapım,Halil Ergün,Güven Hokna,Bennu Yıldırımlar,ece yörenç,mesude erarslan,toygar işıklı,Drama,Family,kerem çatay,20,1.0,2006
80.0,9/18/2006,Kanal D,1,Sağır Oda,tims productions,Orhan Kılıç,Çağla Kubat,Engin Cezzar,"ahmet saatçioğlu, memed onur özkök, hakan karahan, ayhan bozkurt, sinan hıncal",serdar akar,gökhan kırdar,Action & Adventure,No second genre,"timur savcı, cüneyt özdemir",20,0.0,2006
70.0,4/1/2006,Kanal D,1,Gönül,masalevi,Gülben Ergen,Ragıp Savaş,Güven Kıraç,"gani müjde, emre bülbül, nilüfer yenidoğan, fatih solmaz",faruk teber,murat evgin,Drama,Comedy,ali gündoğdu,21,0.0,2006
75.0,1/1/2006 0:00,Show TV,2,Ezo Gelin,pastel film,Ahmet Mümtaz Taylan,Nurgül Yeşilçay,Erkan Sever,"memed onur özkök , onur tan ,mahinur ergun ,ahmet yurdakul ,arda uskan",onur tan,murat evgin,Drama,No second genre,Unknown,22.3,0.0,2006
130.0,8/1/2006 0:00,Kanal D,14,Arka Sokaklar,erler film,Özgür Ozan,Oya Okar,Alp Korkmaz,"sinan yurdakul ,ahmet yurdakul ,ozan yurdakul ,ömer genç",orhan oğuz,murat evgin,Action & Adventure,Drama,türker i̇nanoğlu,20,0.0,2006
90.0,9/15/2006 0:00,atv,3,Sıla,fm yapım,Fatoş Tez,Kartal Balaban,Hümeyra Akbay,muharrem buhara,yasin uslu,"murat tunali,can hatipoğlu",Drama,Mystery,nezihe dikilitaş,20,0.0,2006
90.0,11/7/2006 0:00,Kanal D,3,Binbir Gece,tmc,Halit Ergenç,Bergüzar Korel,Tardu Flordun,"yıldız tunç, murat lütfü, mehmet bilal, ethem yekta",kudret sabancı,emg müzik,Drama,Romantic,erol avcı,20,0.0,2006
80.0,1/1/2006,Star TV,2,Köprü,koliba film,Erdal Beşikçioğlu,Ayşegül Ünsal,İpek Karapınar,ozan yurdakul,sadullah şentürk,emg müzik,Drama,Action & Adventure,ata türkoğlu,20,0.0,2006
90.0,10/10/2005,atv,2,Şöhret,gold film,Ahu Türkpençe,Atilla Saral,Murat Ünalmış,deniz akçay,bahadır i̇nce,emg müzik,Drama,No second genre,faruk turgut,20,0.0,2005
45.0,1/1/2005,Show TV,3,Yanık Koza,limon film,Yavuz Bingöl,Başak Köklükaya,Çolpan İlhan,"n. i̇pek aksoy, ertan kurtulan, aydın üredi",mesude erarslan,tamer çıray,Drama,No second genre,hayri aslan,20,0.0,2005
80.0,12/12/2005,Kanal D,1,Seher Vakti,d productions,Yeşim Salkım,Uğur Polat,İdil Fırat,gül dirican,mehmet çağatay tosun,"hilmi yarayıcı, nail yurtsever",Drama,No second genre,abdullah oğuz,20,0.0,2005
100.0,9/16/2005,Kanal D,2,Ihlamurlar Altında,avşar film,Bülent İnal,Tuba Büyüküstün,Özge Borak,"nilgün öneş, neslihan eyüboğlu, ayşe teker",aydın bulut,i̇ntizar,Drama,No second genre,şükrü avşar,22,0.0,2005
80.0,1/20/2005,Kanal D,3,Gümüş,ans production,Kıvanç Tatlıtuğ,Songül Öden,Ekrem Bora,"eylem canpolat, berfu ergenekon, sema ergenekon",tarık alpagut,cem erman,Drama,Romantic,"lale eren, ahmet kayimtu, irfan sahin",20,0.0,2005
90.0,3/7/2005,atv,2,Aşka Sürgün,atv,Mahsun Kırmızıgül,Beren Saat,İzzet Günay,"pınar ordu,neşe cehiz,i̇lker barış,deniz sertbarut,cüneyt bolak,bilal babaoğlu,barış pirhasan",cemal şan,"kemal sahir gürel,erol mutlu",Drama,Action & Adventure,"menderes demir,selim eltas,tomris giritlioglu",20,0.0,2005
60.0,12/12/2005,Show TV,1,Sensiz Olmuyor,yağmur ajans,Okan Yalabık,Emre Altuğ,Özlem Conker,hayal tacirleri,hakan arslan,sibel kocataş,Drama,Romantic,osman yağmurdereli,20,1.0,2005
30.0,12/12/2005,TV8,1,İki Arada Aşk,mint production,Halit Akçatepe,Deniz Çakır,Volkan Ünal,"murat aras,metin açıkgöz,birol güven",sibel kocataş,sibel kocataş,Comedy,No second genre,birol güven,20,0.0,2005
90.0,12/14/2005 0:00,Show TV,2,Aci hayat,sinegraf,Kenan İmirzalıoğlu,Selin Demiratar,Oğuz Galeli,"aybars bora, kahyaoğlusoner, pehlivan, tangül sınav, i̇sa yıldız",abdülkadir ceylan ede,aytuğ yargıç,Action & Adventure,Drama,osman sınav,20,0.0,2005
75.0,10/26/2005 0:00,Kanal D,2,Hırsız Polis,sinegraf,Ozlem Duvencioglu,Timuçin Esen,Uğur Yücel,"gaye boralıoğlu, emine algan",türkan derya,ali otyam,Drama,Action & Adventure,erol avcı,20,0.0,2005
60.0,9/11/2005 0:00,atv,1,Belalı Baldız,med yapım,Kenan Işık,Berna Laçin,Nurgül Yeşilçay,haluk özenç,fatih aksoy,ali otyam,Family,Comedy,fatih aksoy,20,0.0,2005
60.0,6/28/2005 0:00,atv,2,Aşk Oyunu,med yapım,Keremcem,Yasemin Ergene,Kuzey Vargın,"baris erdogan, cem görgeç",bülent i̇şbilen,ali otyam,Drama,Romantic,hakan danış,20,0.0,2005
98.0,2/23/2005 0:00,atv,1,Köpek,sinema a.ş.,Metin Cekmez,Pinar Tezcan,Erkan Petekkaya,alican yaraş,cem akyoldaş,ali otyam,Action & Adventure,Crime,osman yağmurdereli,21.45,0.0,2005
60.0,6/19/2004 0:00,Unknown,1,Gece Yürüyüşü,limon film,Tarık Akan,Lale Mansur,Civan Canova,oya yüce,mesude erarslan,aria,Drama,No second genre,cengiz deveci,20,0.0,2004
80.0,7/10/2004,Show TV,3,Cennet Mahallesi,erler film,Melek baykal,Müjdat Gezen,Özkan Uğur,"erdoğan tünaş, resul ertaş",serdar akar,aria,Comedy,No second genre,türker i̇nanoğlu,20,0.0,2004
60.0,6/30/2004,Kanal D,2,Haziran Gecesi,gold film,Özcan Deniz,Naz Elmas,Nebahat Çehre,"mahinur ergün, memed onur özkök",andaç haznedaroğlu,gökhan kırdar,Drama,No second genre,faruk turgut,21,0.0,2004
65.0,9/14/2004,atv,3,Aliye,tmc,Sanem Çelik,Ayla Algan,Nejat İşler,"şebnem çitak, güliz kucur, ayfer tunç",kudret sabancı,kıraç,Drama,Romantic,erol avcı,21.45,0.0,2004
80.0,10/12/2004,Kanal D,3,Yabancı Damat,erler film,Erdal Özyağcılar,Sumru Yavrucuk,Nehir Erdoğan,"devin çinar, selin tunç, serap gazel, suna dölek, sulhi dölek, güliz kucur",yağmur taylan,gökhan kırdar,Drama,Romantic,türker i̇nanoğlu,20,0.0,2004
75.0,9/3/2004 0:00,Kanal D,1,Çemberimde Gül Oya,avşar film,Selda Alkor,Özge Özberk,Mehmet Ali Nuroğlu,"sertaç ergin, nihan küçükural, kerim ceylan",çağan irmak,kâmil nizam bigalı,Drama,Political,şükrü avşar,20,0.0,2004
60.0,6/25/2004,Show TV,2,En İyi Arkadaşım,avşar film,Hamdi Alkan,Yılsu Sarper,Görkem Yeltan,"birol elginöz, nur özlem elginöz, resul ertas",hamdi alkan,erim ardal,Comedy,Sci-Fi & Fantasy,hamdi alkan,20,0.0,2004
90.0,2/11/2004 0:00,atv,6,Avrupa Yakası,plato film,Gazanfer Özcan,Gülse Birsel,Engin Günaydın,gülse birsel,jale atabey,"cenk durmazel ,cenk sarkuş",Family,Comedy,gülse birsel,20,0.0,2004
60.0,1/2/2003 0:00,Show TV,4,Hayat Bilgisi,plato film,Perran Kutman,Tarık Papuççuoğlu,Kerem Kupacı,gani müjde,tarkan karlidag,temel zümrüt,Comedy,Drama,ali gündoğdu,20,0.0,2003
60.0,10/22/2003,Show TV,2,Alacakaranlık,paranoya tv,Uğur Yücel,Kenan İmirzalıoğlu,Tuncel Kurtiz,"sulhi dölek,su kaya,güliz kucur,alican yücel",yağmur taylan,aytuğ yargıç,Crime,Action & Adventure,"uğur yücel,defne kayalar",20,0.0,2003
90.0,2/27/2003,Kanal D,7,Sihirli Annem,süreç film,İnci Türkay,Şahap Sayılgan,Nevra Serezli,gamze özer,kartal çidamlı,yongün keymen,Sci-Fi & Fantasy,No second genre,i̇nci kırhan gündoğdu,20,0.0,2003
50.0,12/12/2003,Star TV,1,Hürrem Sultan,süreç film,Gülben Ergen,Ali Sürmeli,Hatice Aslan,"i̇lhami algör ,hüseyin karagöz ,mehmet murat somer",fatih aksoy,rahman altin,History,Drama,fatih aksoy,20,0.0,2003
60.0,7/14/2003,Kanal D,2,Serseri,yağmur ajans,Gamze Özçelik,Erkan Petekkaya,Okan Yalabık,alican yaraş,cem akyoldaş,ali otyam,Romantic,Drama,osman yağmurdereli,20,0.0,2003
60.0,9/1/2003,Kanal D,1,Lise Defteri,altioklar film,Ece Erken,Emre Altuğ,Arda Kural,"mustafa altioklar,evrensel belgin,tarkan ceper,aylin dogan",mustafa altıoklar,kıraç,Comedy,Drama,mustafa altıoklar,20,0.0,2003
75.0,9/18/2003 0:00,atv,2,Bir İstanbul Masalı,tmc,Ahu Türkpençe,Mehmet Aslantuğ,Çetin Tekindor,"gaye boralioglu ,sertaç ergin ,gökhan horzum ,nese sen",ömür atay,kıraç,Drama,Romantic,erol avcı,20,0.0,2003
70.0,12/12/2003,Kanal D,1,Sultan Makamı,avşar film,Başak Köklükaya,Uğur Polat,Şevket Çoruh,ali ulvi hünkar,aydın bulut,"kemal sahir gürel	,kazim koyuncu",Drama,No second genre,bahadır atay,20,0.0,2003
90.0,1/15/2003 0:00,Kanal D,4,Kurtlar Vadisi,pana film,Muhammed Necati Şaşmaz,Özgü Namal,Kenan Çoban,"ahmet yurdakul, raci şaşmaz, bahadır özdener",osman sınav,gökhan kırdar,Action & Adventure,Drama,osman sınav,20,0.0,2003
90.0,9/14/2003,atv,2,Kurşun Yarası,avşar film,Berdan Martini,Bülent İnal,Nejat İşler,"cem görgeç,ilker arslan,cüneyt bolak,baris erdogan	,aycan giritlioglu,deniz kamaci,ayhan sonyürek",özer kiziltan,"kemal sahir güre,hakan yesilyurt",Drama,Action & Adventure,"şükrü avşar,bahadır atay",20,0.0,2003
45.0,3/7/2002 0:00,TRT 1,3,Koçum benim,replik film,Tarık Akan,Ebru Cündübeyoğlu,Engin Altan Düzyatan,yonca akasya,vecihi ener,ali otyam,Comedy,Family,hüseyin apaydın,20,0.0,2002
60.0,9/12/2002,Kanal D,3,Kınalı Kar,yağmur ajans,Emrah,Özlem Conker,Engin Şenkan,"gamze özer, özgür evren heptürk",taner akvardar,ali otyam,Drama,No second genre,osman yağmurdereli,21,0.0,2002
65.0,10/16/2002,Show TV,3,Ekmek Teknesi,sinegraf,Peker Açıkalın,Sermin Hürmeriç,Kadir Çöpdemir,"raci şaşmaz, mehmet turgut, hasan kaçan, elif aktuğ, bahadır özdener, ömer lütfi mete",osman sınav,i̇ncesaz,Drama,Comedy,osman sınav raci şaşmaz,20,0.0,2002
75.0,1/1/2002 0:00,Star TV,5,En Son Babalar Duyar,mint production,Levent Ülgen,Hatice Aslan,Selahattin Taşdöğen,"necmi yapıcı, murat aras, metin açıkgöz",sibel kocataş,fikret alper,Family,Comedy,birol güven,20,0.0,2002
60.0,9/25/2002 0:00,TRT 1,1,Şeytan Ayrıntıda Gizlidir,renkli türkçe film yapım,Çetin Tekindor,Nejat İşler,Mete Horozoğlu,turgut yasalar,cevdet mercan,fikret alper,Crime,Mystery,Unknown,20,1.0,2002
60.0,3/28/2002,Kanal D,1,Bayanlar Baylar,ans production,Oktay Kaynarca,Hande Ataizi,Yavuz Bingöl,gani müjde,erdoğan engin,fikret alper,Comedy,No second genre,abdullah oğuz,20,0.0,2002
60.0,3/11/2002,atv,2,Asmalı Konak,ans production,Özcan Deniz,Nurgül Yeşilçay,Selda Alkor,"mahinur ergun,meral okay",çağan irmak,kazım koyuncu,Drama,Romantic,abdullah oğuz,20,0.0,2002
60.0,12/12/2002,TRT 1,1,Mihriban,trt,Hülya Koçyiğit,Sevinç Gürşen Akyıldız,Lemi Filozof,"i̇lker arslan,berrin tekdemir",yalçın yelence,kazım koyuncu,Drama,No second genre,faruk turgut,20,0.0,2002
50.0,1/1/2002 0:00,Star TV,1,Beşik Kertmesi,trt,Meltem Cumbul,Olgun Şimşek,Erdal Özyağcılar,tayfun güneyer,tayfun güneyer,kazım koyuncu,Comedy,Drama,aslı öyken taylan,20,0.0,2002
50.0,12/13/2002,Kanal D,1,Gülbeyaz,eryapım,Şevval Sam,Nejat İşler,Meral Çetinkaya,"rüya i̇şçileri,meriç demiray,cenk bogatur,cem görgeç,barış erdoğan",özer kiziltan,kazım koyuncu,Comedy,Romantic,bahadır atay,20,0.0,2002
45.0,1/1/2002 0:00,Kanal D,1,Biz Size Aşık Olduk,most production,Beyazıt Öztürk,Meltem Cumbul,İlker Aksum,"selin tunç ,nilgün önes",türkan derya,kıraç,Comedy,Drama,mustafa oğuz,20,0.0,2002
55.0,1/1/2002 0:00,Star TV,1,Efsane,replik film,Şemsi İnkaya,Tardu Flordun,Ayşe Tolga,tayfun güneyer,tunç başaran,kıraç,Crime,Action & Adventure,Unknown,20,0.0,2002
90.0,9/26/2002 0:00,atv,2,Zerda,tmc,Hulya Sen,Ece Uslu,Yavuz Bingöl,"gaye boralıoğlu,neşe cehiz",kudret sabancı,kıraç,Drama,Romantic,erol avcı,20.3,0.0,2002
40.0,1/1/2001 0:00,Kanal D,1,Çifte Bela,tmc,Mumtaz Sevinc,Nadide Sultan,Ayşe Tolga,kasim uçkan,kasım uçkan,burak gülgen,Comedy,Family,aslı öyken taylan,20,0.0,2001
98.0,1/1/2001 0:00,atv,1,Hırsız,tmc,Betul Sahin,Mehmet Aslantuğ,Müjdat Gezen,"yılmaz okumuş , fatih çöngevel",veli çelik,burak gülgen,Drama,Action & Adventure,tansu şahin,20,0.0,2001
90.0,2/27/2001,Kanal D,2,Vay Anam Vay,d productions,Nevra Serezli,Atilla Olgaç,Sıdıka Şenocak,"gani müjde,caner güler,uğur yağcıoğlu",erdoğan engin,güliz asyalı,Komedi,No second genre,abdullah oğuz,20,0.0,2001
60.0,5/24/2001 0:00,TRT 1,1,Yeditepe İstanbul,d productions,Zuhal Olcay,Emre Kınay,Uğur Polat,ali ulvi hünkar,türkan derya,derya köroğlu,Drama,Family,kaan erturan,20,0.0,2001
60.0,11/1/2001 0:00,Show TV,3,Tatlı Hayat,med yapım,Haluk Bilginer,Türkan Şoray,Asuman Dabak,"bora tekay ,haluk özenç",bora tekay,ali otyam,Family,Comedy,sibel tuna,20,1.0,2001
45.0,3/1/2000,Show TV,2,Zehirli Çiçek,erler film,Tuğba Özay,Çağla Şıkel,Aysun Kayacı,safa önal,samim deger,ali otyam,Drama,Action & Adventure,türker i̇nanoğlu,20,0.0,2000
40.0,3/22/2000,Kanal D,2,Eyvah Kızım Büyüdü,ans production,Haluk Bilginer,Yıldız Asyalı,Alp Öyken,tayfun güneyer,orhan cesur,ali otyam,Comedy,No second genre,"zeynep güzeldogu, akin knob, abdullah oguz",20,0.0,2000
90.0,2/14/2000,TRT 1,9,Bizim Evin Halleri,focus film,Beyhan Saran,Meral Niron,Emel Göksu,"tolga aydoğan, erkan birgören, ayşem özge yoldaş, aynur ulusoy",tülay eratalay,ali otyam,Family,Comedy,"osman baş, nilgün sağyaşar, erol uyanık, adil daldal",20,0.0,2000
40.0,8/12/2000 0:00,TRT 1,3,7 Numara,"trt,fora film",Şebnem Sönmez,Engin Alkan,Volkan Girgin,"ayça mutlugil, nuray uslu",sadullah celen,ali otyam,Comedy,Drama,oya yüce,20,0.0,2000
50.0,10/9/2000 0:00,TRT 1,2,Üzgünüm Leyla,"trt,fora film",Perran Kutman,Selçuk Yöntem,Çetin Tekindor,"gaye boralıoğlu , sertaç ergin , sertan ergin",taner akvardar,ali otyam,Family,Drama,sadık deveci,15.3,0.0,2000
30.0,3/3/1999,TRT 1,5,Ayrılsak da Beraberiz,mint production,Hakan Yılmaz,Janset,Necmi Yapıcı,"murat aras,nilüfer yenidoğan,caner güler,uğur yağcıoğlu",sibel kocataş,ali otyam,sit-com,Family,birol güven,20,0.0,1999
50.0,1/1/1999 0:00,TGRT,1,Aşkın Dağlarda Gezer,mint production,Ayşe Tolga,Özcan Deniz,Şevval Sam,ahmet yurdakul,zeliha deniz ergin,ali otyam,Drama,Action & Adventure,mahmut yılmaz,20,0.0,1999
60.0,1/1/1999 0:00,atv,4,Deli Yürek,sinegraf,Kenan İmirzalıoğlu,Zeynep Tokuş,Melda Bekcan,"ömer lütfi mete, raci şaşmaz, bahadır özdener, güliz kucur",osman sınav,"bora ebeoğlu, cengiz onural",Drama,Action & Adventure,mustafa şevki doğan,21,0.0,1999
55.0,9/15/1999 0:00,Show TV,6,Sıdıka,limon film,Feridun Koç,Açelya Akkoyun,Hasibe Eren,atilla atalay,mahire ergun,atilla atalay,Comedy,Family,atilla atalay,12.3,0.0,1999
52.0,10/7/1999 0:00,Kanal D,3,Yılan Hikayesi,yağmur ajans,Meltem Cumbul,Mehmet Ali Alabora,Ayten Gökçer,tayfun güneyer,nihat durak,ali otyam,Drama,Comedy,osman yağmurdereli,21.3,0.0,1999
45.0,7/4/1998 0:00,Kanal D,5,Ruhsar,ans production,Mihrace Yeken,Güneş Berberoğlu,Günyol Bakoğlu,"gani müjde, fatih solmaz",ümmü burhan,"i̇brahim erkal,volkan gücer",Comedy,Sci-Fi & Fantasy,abdullah oğuz,18.3,0.0,1998
50.0,3/10/1998,Kanal D,2,Eyvah Babam,doku film,Haluk Bilginer,Yıldız Asyalı,Yeşim Küçük,ünal küpeli,ünal küpeli,"i̇brahim erkal,volkan gücer",Comedy,Family,Unknown,20,0.0,1998
45.0,10/29/1998 0:00,atv,3,İkinci Bahar,erler film,Şener Şen,Türkan Şoray,Nurgül Yeşilçay,sulhi dölek,uğur yücel,"i̇brahim erkal,volkan gücer",Drama,Family,mustafa oğuz,16.45,0.0,1998
45.0,1/1/1998 0:00,atv,1,Affet Bizi Hocam,erler film,Özgü Namal,Şevket Çoruh,Ceyda Düvenci,safa önal,halit refiğ,"i̇brahim erkal,volkan gücer",Drama,Family,yılmaz emekçi,20,0.0,1998
40.0,1/1/1998,Kanal D,2,Eyvah Babam,doku film,Haluk Bilginer,Yıldız Asyalı,Arda Kural,ünal küpeli,ünal küpeli,"i̇brahim erkal,volkan gücer",Comedy,No second genre,Unknown,20,0.0,1998
60.0,11/26/1998,Star TV,6,Üvey Baba,yeni yapımlar,Şemsi İnkaya,Betül Aşçıoğlu,Burçin Abdullah,samim utku,tunca yönder,"i̇brahim erkal,volkan gücer",Drama,No second genre,tunca yönder,20,0.0,1998
45.0,10/6/1998,Show TV,2,Sırılsıklam,gold film,İbrahim Erkal,Melis Yamalıoğlu,Süleyman Turan,"arda uskan,kubilay zerener,selçuk akman",temel gürsu,"i̇brahim erkal,volkan gücer",Drama,Action & Adventure,i̇skender ulus,20,0.0,1998
40.0,2/19/1997,Star TV,4,Kara Melek,eylül tv,Sanem Çelik,Mehmet Ali Alabora,Ece Uslu,"nuran devres, kubilay zerener",uğur erkır,müjdat akgün,Drama,Action & Adventure,ertuğrul karslıoğlu,20,0.0,1997
65.0,9/15/1997 0:00,atv,3,Sıcak Saatler,"sinegraf,detay film",Kenan Işık,Mehmet Aslantuğ,Arzum Onan,ahmet yurdakul,osman sınav,"bora ebeoğlu, cengiz onural, oya ebeoğlu",Action & Adventure,Drama,osman sınav,20,0.0,1997
55.0,10/29/1997,Show TV,4,Örümcek,sedine prodüksiyon,Nilüfer Kurt,İpek Tenolcay,Betül Arım,hüseyin karakaş,zeynep tor,özkan turgay,Drama,Action & Adventure,hüseyin karakaş,20,0.0,1997
40.0,9/19/1997,atv,4,Baba Evi,muhteşem film,Halil Ergün,Deniz Gökçer,Sevinç Erbulak,"neşe cehiz, macit koper, hüseyin kuzu, hülya çelikezer, filiz terzi, ayhan sonyürek",yusuf kurçenli,özkan turgay,Drama,Family,i̇rfan tözüm,20,1.0,1997
40.0,11/6/1996,atv,5,Tatlı Kaçıklar,erler film,Mehmet Ali Erbil,Yalçın Menteş,Buket Dereoğlu,"i̇hsan aydın, kemal kenen ergen, murat kürüz, vasıf küçükoruç, atay sözer",aram gülyüz,özkan turgay,Comedy,No second genre,türker i̇nanoğlu,20,0.0,1996
45.0,7/8/1996,Kanal D,4,Çılgın Bediş,erler film,Yonca Evcimik,Çiçek Dilligil,Selahattin Taşdöğen,zeki keskin,ozan aydın,aykut gürel,Comedy,No second genre,ayhan aybek,20,1.0,1996
30.0,12/12/1993,TRT 1,9,Bizim Mahalle,"yağmur ajans,trt",Neslihan Acar,Osman Yağmurdereli,Üstün Asutay,çetin büyükakın,ülkü erakalın,"oguz abadan,müjdat akgün",Comedy,Family,osman yağmurdereli,20,0.0,1993
