episode_run_time,first_air_date,networks,number_of_seasons,original_name,production_companies,firstStar,secondStar,thirdStar,writer,director,musician,genre1,genre2,createdBy,air_time,adaptation
130,1/15/2020 0:00,Show TV,1,Zemheri,Ay Yapım,Emir Çubukçu,Ayça Ayşin Turan,Alperen Duymaz,"Sema Ergenekon ,","Hilal Saral ,",,Drama,,Kerem Çatay,20,0
120,11/19/2019 0:00,Kanal D,1,Azize,Süreç Film,Buğra Gülsoy,Hande Erçel,Mustafa Avkıran,"Başar Başaran,","Volkan Kocatürk ,",,Drama,,Ali Gündoğdu,20,0
120,10/25/2019 0:00,Star TV,1,Sevgili Geçmiş,Süreç Film,Ece Uslu,Emre Kınay,Sevda Erginci,"Funda Alp,","Aydın Bulut ,",Batuhan Fırat,Drama,,İnci Gündoğdu,20,0
120,10/23/2019 0:00,FOX,1,Kurşun,Most Production,Engin Altan Düzyatan,Burçin Terzioğlu,Berrak Tüzünataç,"Kerem Deren,",Murat Can Oğuz,Timur Selçuk,Drama,Action,Gül Oğuz,20,0
120,9/9/2019 0:00,Star TV,1,Çocuk,1441 Productions,Nazan Kesal,İsmail Hacıoğlu,Merve Çağıran,Nazlı Sunlu Kaçan,"Serkan Birinci ,",,Drama,Family,İrfan Şahin,20,0
130,8/12/2019 0:00,Star TV,2,Mehmetçik Kut'ül Amare,Bozdağ Film,Kaan Taşaner,İsmail Hacıoğlu,Cansu Tosun,Mehmet Bozdağ,Mustafa Şevki Doğan,Alpay Göltekin,History,Fiction,Mehmet Bozdağ,20,0
9,8/1/2019 0:00,BluTV,3,Aynen Aynen,BluTV,Nilperi Şahinkaya,Kerem Bursin,Uraz Kaygılaroğlu,"Alper Erze ,","Yunus Ozan Korkut ,",Batuhan Fırat,Comedy,Short,Mina Saygı,online,0
120,6/13/2019 0:00,Star TV,1,Benim Tatlı Yalanım,O3 Medya,Aslı Bekiroğlu,Furkan Palalı,Lavinya Ünlüer,"Deniz Dargı ,Murat Taşkent ,","Barış Erçetin ,Cihan Vural ,",Cem Tuncer,Comedy,Drama,Şevket Pamir,20,0
120,6/12/2019 0:00,Kanal D,1,Afili Aşk,ARC Film,Burcu Özberk,Çağlar Ertuğrul,Altan Erkekli,"Barış Erdoğan ,İlker Arslan ,Kübra Sülün ,Okşan Tavaslıoğlu ,","Serdar Gözelekli ,",Aslı Demirer,Comedy,Romantic,Fatih Enes Ömeroğlu,20,0
138,6/11/2019 0:00,atv,1,Kimse Bilmez,Baba Yapım,Özgü Kaya,Keremcem,Engin Hepileri,Hasan Burak Kayacı,Hakan Eren,Engin Aslan,Action & Adventure,Drama,Hakan Eren,20,0
120,5/27/2019 0:00,atv,1,Canevim,Koliba Film,Biran Damla Yılmaz,Aras Aydın,Özgür Çevik,Filiz Alpgezmen,"Adnan Güler ,",Engin Aslan,Drama,Family,Ata Türkoğlu,22,0
120,4/16/2019 0:00,Kanal D,1,Leke,"Tims Productions,Bi Yapım",Melis Sezen,Burak Sevinç,Mehmet Bozdoğan,Yıldız Tunç,"Metin Balekoğlu ,",Cem Yıldız,Drama,Family,Timur Savcı,20,0
120,4/7/2019 0:00,atv,1,Zengin ve Yoksul,NTC Medya,Binnur Kaya,Gökhan Alkan,Osman Sonant,Yelda Eroğlu,"Deniz Yorulmazer ,",Alp Yenier,Drama,Romantic,Mehmet Yiğit Alp,20,0
130,3/3/2019 0:00,Show TV,1,Nöbet,Pana Film,Yurdaer Okur,Saygın Soysal,İpek Karapınar,Necati Şaşmaz,Ömer Gökhan Erkut,Gökhan Kırdar,War & Politics,Action & Adventure,Muhammed Necati Şaşmaz,20,0
130,2/13/2019 0:00,Star TV,2,Kuzgun,Ay Yapım,Barış Arduç,Burcu Biricik,Nilperi Şahinkaya,"Burcu Görgün Toptaş ,Özlem Yılmaz ,",Bahadır İnce,Toygar Işıklı,Action & Adventure,Drama,Kerem Çatay,20,1
130,2/6/2019 0:00,FOX,1,Vurgun,Gold Film,Erkan Petekkaya,Deniz Çakır,Emre Kınay,"Başar Başaran ,Emre Özdür ,","Altan Dönmez ,","Alpay Göltekin, Zeynep Alasya, Caner Özkan, Güldiyar Tanrıdağlı,",Soap,Family,Faruk Turgut,20,0
130,1/27/2019 0:00,Star TV,2,Kardeş Çocukları,Gold Film,Alara Turan,Mehmet Aslantuğ,Ayça Bingöl,"Sırma Yanık ,","Faruk Teber ,","Aytekin Ataş,",Family,Drama,Faruk Turgut,20,0
130,1/15/2019 0:00,TRT 1,1,Halka,ES Film,Serkan Çayoğlu,Hande Erçel,Kaan Yıldırım,"Aziz Tuna, Selim Bener, Ali Demirel, Meryem Diri,","Volkan Kocatürk,","Sertaç Özgümüş,",Action & Adventure,Drama,Yusuf Esenkal,20,0
130,1/7/2019 0:00,TRT 1,2,Vuslat,A23 Medya,Kadir Doğulu,Devrim Özkan,Mehmet Özgür,"Betül Yağsağan,","Murat Onbul,","Fırat Yükselir,",Drama,Mystery,Uğur Veli,20,0
120,1/1/2019 0:00,Show TV,1,Oyunbozan,Aka Yapım,Barış Kılıç,İlayda Akdoğan,Kenan Bal,"Altuğ Küçük, Ümit Saat,",Emre Kabakuşak,,Horror,Crime,Altug Küçük,20,0
130,12/24/2018 0:00,TRT 1,1,Tek Yürek,Degas Film - Volkan Kocatürk,Tayanç Ayaydın,Vildan Atasever,Eslem Akar,"Meriç Demiray, Elif Asılkefeli, Banu Tekcan,","Mehmet Ada Öztekin ,","Tuna Velibaşoğlu,",Crime,Action & Adventure,Ahmet Kayımtu,20,0
45,12/14/2018 0:00,Netflix,3,The Protector,O3 Medya,Çağatay Ulusoy,Ayça Ayşin Turan,Hazar Ergüçlü,"Jason George, Yasemin Yılmaz, Emre Özpirinçci, Atilla Ünsal,",,Emin Yasin Vural,Action & Adventure,Mystery,Binnur Karaevli,online,0
120,12/8/2018 0:00,Star TV,1,Şahane Damat,Sinegraf,Burcu Özberk,Ali Ersan Duru,Nükhet Duru,"Ayşe Ferda Yılmaz,","Raşit Çelikeze,",,Romantic,Family,Osman Sınav,20,0
145,12/1/2018 0:00,Show TV,1,Rüya,Gold Film,Hazal Filiz Küçükköse,Ceyhun Mengiroğlu,Ulaş Tuna Astepe,"Kaktüs Yazı Grubu,","Cemal Şan ,",,Family,Drama,Şenay Abacı Turgut,20,0
55,11/30/2018 0:00,BluTV,1,Bozkır,ARC FILMS,Yiğit Özşener,Ekin Koç,Nur Fettahoğlu,"Levent Cantek ,","Bahadır İnce ,",,Crime,Drama,Fatih Enes Ömeroğlu,online,0
120,11/23/2018 0:00,atv,1,Şahin Tepesi,Ay Yapım,Zerrin Tekindor,Ebru Özkan,Boran Kuzum,"Melek Gençoğlu ,","Hilal Saral,","Toygar Işıklı,",Drama,,Kerem Çatay,20,0
120,11/22/2018 0:00,Show TV,1,Çarpışma,Ay Yapım,Kıvanç Tatlıtuğ,Elçin Sangu,Melisa Aslı Pamuk,"Ali Aydın,","Uluç Bayraktar ,","Toygar Işıklı,",Action & Adventure,Drama,Kerem Çatay,21,0
120,11/11/2018 0:00,TRT 1,3,Tozkoparan,Veya Yapım ,Yusuf Gökhan Atalay,Demir Saygı,Özgür Ege Nalci,Mustafa Burak Doğu,Şevki Es,Özgür Zoral,Action & Adventure,Kids,Can Özcanlı,17,0
120,11/1/2018 0:00,Kanal D,1,Muhteşem İkili,TMC,İbrahim Çelikkol,Kerem Bursin,Özge Gürel,Emre Özdur,"Çağatay Tosun ,",,Action & Adventure,Drama,Erol Avcı,20,0
120,10/27/2018 0:00,Kanal D,1,İkizler Memo - Can,Erler Film,Nehir Erdoğan,Özgürcan Çevik,Emir Berke Zincidi,"Ahmet Yurdakul ,","Erol Özlevi ,",Murat Evgin,Family,Kids,Türker İnanoğlu,20,0
40,10/19/2018 0:00,BluTV,1,Bartu Ben,Blu TV,Bartu Küçükçağlayan,Nazlu Bulum,Müfit Kayacan,"Bartu Küçükçağlayan,","Tolga Karaçelik,",Ahmet Kenan Bilgic,Comedy,Drama,Bartu Küçükçağlayan,online,0
120,10/7/2018 0:00,atv,1,Ağlama Anne,Süreç Film,Aslıhan Malbora,Birce Akalay,Özlem Yılmaz,Serdar Oğuz,Feride Kaytan,Jingle Tv,Drama,Family,İnci Gündoğdu,20,0
120,10/7/2018 0:00,Kanal D,1,Bir Litre Gözyaşı,Med Yapım,Miray Daner,Sanem Çelik,Tolga Tekin,Gül Meriç Özen,"Serhan Şahin ,",Jingle TV,Drama,Romantic,Fatih Aksoy,20,0
120,9/27/2018 0:00,Kanal D,1,Bir Umut Yeter,MF Yapım,Tolgahan Sayışman,Hazal Subaşı,Esra Bilgiç Töre,Umut Açıkalın,"Yusuf Pirhasan ,",Jingle TV,Drama,,Faruk Bayhan,20,0
120,9/19/2018 0:00,TV8,1,Kızım,Med Yapım,Buğra Gülsoy,Beren Gökyıldız,Leyla Lydia Tuğutlu,"Banu Kiremitçi, Irmak Bahçeci,","Gökçen Usta ,",,Drama,Family,Fatih Aksoy,20,1
120,9/16/2018 0:00,FOX,1,Adı Mutluluk,Süreç Film,Dilara Aksüyek,Serkan Tınmaz,Kaan Yıldırım,Aksel Bonfin,Ersoy Özlevi,Atakan Ilgazdağ,Drama,Romantic Comedy,"	Ali Gündoğdu",20,0
120,9/13/2018 0:00,atv,3,Bir Zamanlar Çukurova,"Tims Productions,Bi Yapım",Murat Ünalmış,Selin Genç,Vahide Perçin,"Yıldız Tunç, Su Ersöz, Derem Çıray","Faruk Teber ,","Aytekin Ataş,",Drama,Romantic,Timur Savcı,21,1
45,9/6/2018 0:00,BluTV,1,Yaşamayanlar,"Bubi Film, Ran Film, Braveborn, İstanbul'74",Elçin Sangu,Kerem Bursin,Selma Ergeç,Şamil Yılmaz,Alphan Eşeli,,Drama,Sci-Fi & Fantasy,Alphan Eşeli,online,0
120,8/13/2018 0:00,Kanal D,1,Koca Koca Yalanlar,Limon Film,Hakan Yılmaz,Evrim Alasya,Selen Uçer,"Gülabuş Semerci,","Osman Taşçı,","Jıngle Tv,",Comedy,,Hayri Aslan,20,0
120,8/1/2018 0:00,Star TV,1,Nefes Nefese,TMC,Uğur Yücel,Şükrü Özyıldız,Melisa Şenolsun,"Selin Tunç,","Aydın Bulut,",,Drama,,Erol Avcı,20,0
120,7/22/2018 0:00,TRT 1,2,Elimi Birakma,Üs Yapım,Alp Navruz,Alina Boz,Cemre Gümeli,"Nilüfer Aydın, Volkan Yazıcı, Serap Güzel","Sadullah Celen,","Ender Gündüzlü, Metin Arıgül,",Drama,Romantic,Süreyya Yaşar Önal,20,1
120,7/16/2018 0:00,TRT 1,1,Ege'nin Hamsisi,Köprü Film,İclal Aydın,Uğur Çavuşoğlu,Uraz Kaygılaroğlu,"Filiz Ekici, Yıldırım Bayazıt","Mustafa Şevki Doğan,",,Family,Comedy,Bahar Filiz Ekinci,22,0
120,7/6/2018 0:00,FOX,3,4N1K,Fabrika Yapım,Cemrehan Karakaş,Aybanu Aykut,Zeynep Özder,"Ferhat Ergün,","Murat Onbul,","Emir Ersoy,",Comedy,Romantic,Öner Arslanel,20,0
120,7/5/2018 0:00,Show TV,1,Meleklerin Aşkı,Süreç Film,Didem Balçın,Berkay Hardal,Gülper Özdemir,"Gülbike Sonay Üte ,Müge Şeviker ,Yelda Arıtaş ,Damla Güçer Çamtepe ,Kağan Güler ,",,,Drama,Comedy,Ersoy Güler,20,0
120,6/26/2018 0:00,Star TV,1,Erkenci Kuş,Gold Film,Demet Özdemir,Can Yaman,Birand Tunca,"Aslı Zengin, Banu Zengin Tak, Ayşe Kutlu,","Çağrı Bayrak,","Cem Öget,",Drama,Comedy,Faruk Turgut,20,0
120,6/20/2018 0:00,Kanal D,1,Hayati ve Diğerleri,1441 Productions,Cankat Aydos,Aybike Esin Tumluer,Celil Nalçakan,"Onur Özcan, Murat Özsoy,","Metin Balekoğlu,","Eypio,",Family,Comedy,Özer Kızıltan,20,0
120,6/14/2018 0:00,Star TV,1,Kalbimin Sultanı,Maya Film,Ali Ersan Duru,Alexandra Nikiforova,Emel Çölgeçen,"Özlem İnci Hekimoğlu, Nil Güleç Ünsal, Atilla Ünsal,",Eda Teksöz,,Comedy,,Burhan Özkan,20,0
120,6/1/2018 0:00,Show TV,1,Darısı Başımıza,Gold Film,Ozan Dolunay,Elif Doğan,Devrim Yakut,"Deniz Dargı, Okşan Tavaşlıoğlu, Kübra Sülün, Naz Yiğit,",Barış Yöş,"Cem Özkan, Murat Hasarı,",Comedy,Family,Faruk Turgut,20,0
120,5/31/2018 0:00,atv,1,Kocaman Ailem,MİA Yapım,Aksel Bonfil,Çağla Demir,Emre Karayel,"Berat Deniz, Alper Çağlayan, Şeyda Delibaş, Nergis Herdem İnce, Armağan Gül Şahin","Sadullah Şentürk,","Banu Akdeniz,",Comedy,Drama,Hakan İnan,20,0
120,4/13/2018 0:00,Show TV,1,Servet,Ortaks Yapim,Bahar Şahin,Baran Bölükbaşı,Cemre Gümeli,"Murat Boyacıoğlu,","Emir Khalilzadeh,",,Drama,,Müge Turalı Pak,20,0
90,4/12/2018 0:00,Star TV,1,Aşktan Kaçılmaz,Erler Film,Berk Oktay,Pelin Akil,Ceren Hindistan,"Mahinur Ergun,","Metin Balekoğlu,",,Drama,Romantic,Türker İnanoğlu,20,0
140,4/7/2018 0:00,FOX,1,Bir Mucize Olsun,Pastel Film,Furkan Palalı,Oral Özer,Elif Gizem Aykul,"Can Sinan,","Hamdi Alkan,",,Drama,,Efe İrvül,20,0
140,3/31/2018 0:00,Kanal D,1,İnsanlık Suçu,Pastel Film,Kaan Yıldırım,Gizem Karaca,Ahmet Mümtaz Taylan,"Vilmer Özçınar, Nalan Merter Savaş,","Reyhan Peker, ",,Action & Adventure,Crime,Efe İrvül,20,0
120,3/31/2018 0:00,atv,1,Masum Değiliz,Koliba Film,Aras Aydın,Özlem Başkaya,Ceyda Olguner,"Bekir Baran Sıtkı, Pelin Karamehmetoğlu, İlke Yeşilay,",,,Drama,,Levent Türkan,20,0
60,3/30/2018 0:00,puhutv,1,Dip,TMC,İlker Kaleli,Neslihan Atagül,Berrak Tüzünataç,Başar Başaran,"Uygar Kutlu ,",,Action & Adventure,War & Politics,Erol Avcı,online,0
120,3/29/2018 0:00,Star TV,2,Avlu,Limon Film,Demet Evgar,Ceren Moray Brun,Nursel Köse,"Ahmet Yurdakul ,Mehmet Güzelbeyoglu ,Caner Yalcin ,","Yüksel Aksu ,",,Crime,Drama,Caner Yalcin,20,1
120,3/26/2018 0:00,Show TV,1,Tehlikeli Karım,MF Yapım,Mert Aydın,Emine Şans Umar,Görkem Kasal,"Nalan Merter Savaş, Vilmer Özçınar",Çağrı Bayrak,,Drama,,Çağrı Bayrak,20,0
130,3/20/2018 0:00,Kanal D,1,Mehmed Bir Cihan Fatihi,O3 Medya,Kenan İmirzalıoğlu,Çetin Tekindor,Gürkan Uygun,"Ercan Mehmet Erdem,","Cevdet Mercan ,","Aytekin Ataş,",Drama,Reality,Cevdet Mercan,20,0
110,3/19/2018 0:00,atv,1,8. Gün,Ay Yapım,Burcu Biricik,Musa Uzunlar,Buğra Gülsoy,"Toprak Karaoglu ,Savas Korkmaz ,Volkan Sümbül ,","Çagri Vila Lostuvali,",,Drama,Mystery,Kerem Çatay,20,0
120,3/19/2018 0:00,FOX,3,Yasak Elma,Med Yapım,Buçe Buse Kahraman,Şevval Sam,Talat Bulut,"Melis Civelek,","Neslihan Yeşilyurt,","Cem Tuncer,",Drama,Comedy,Neslihan Yeşilyurt,20,0
90,3/14/2018 0:00,,2,Benim Için Üzülme,Boyut Film,Fulya Zenginer,Tansel Öngel,Öykü Çelik,"Onur Kocal , Selami Genli,","Serkan Birinci,","Marsis,",Drama,,Mahsun Kırmızıgül,20,0
130,3/1/2018 0:00,Kanal D,1,Meryem,TMC,Ayça Ayşin Turan,Uğur Demirpehlivan,Hakan İlçin,"Meryem Gültabak, İlke Gürsoy,","Barış Erçetin,",,Drama,,Erol Avcı,20,0
120,2/25/2018 0:00,FOX,1,Adı: Zehra,NTC Medya,Zeynep Çamcı,Hatice Aslan,Seda Güven,"Bekir Baran Sıtkı, Murat Emir Eren, Rana Mamatoğlu,","Taner Akvardar,",,Drama,,Mehmet Yiğit Alp,20,0
85,2/18/2018 0:00,Star TV,3,Jet Sosyete,BKM,Çağlar Çorumlu,Derya Karadaş,Cengiz Bozkurt,"Gülse Birsel,","Hakan Algün,",,Comedy,,Necati Akpınar,20,0
59,1/26/2018 0:00,BluTV,1,Dudullu Postası,Limon Film,Güven Kıraç,Erkan Can,Taner Ölmez,"Serkan Yılmaz ,Onur Ünlü ,","Onur Ünlü ,",,Family,Comedy,Onur Ünlü,online,0
130,1/25/2018 0:00,Show TV,1,Yuvamdaki Düşman,Dus Gezginleri,Nebahat Cehre,Aslı Tandoğan,Pamir Pekin,"Rüya İşçiler,","Muge Ugurlar ,",,Drama,Family,,20,1
150,1/24/2018 0:00,atv,3,Sen Anlat Karadeniz,Sinegraf,İrem Helvacıoğlu,Cem Kenar,Ulaş Tuna Astepe,"Ayşe Ferda Eryılmaz, Nehir Erdem, Erkan Birgören,","Osman Sınav, ","Metin Arılgül,",Drama,,Osman Sınav,20,0
120,1/20/2018 0:00,Kanal D,1,Gülizar,O3 Medya,Farah Zeynep Abdullah,Berk Cankat,Ebru Cündübeyoğlu,"Çağan Irmak, ","Çağan Irmak,",,Drama,,Çağan Irmak,20,0
150,1/18/2018 0:00,TRT 1,2,Mehmetçik Kutlu Zafer,Bozdağ Film,İsmail Ege Şaşmaz,Kaan Taşaner,Gamze Özçelik,"Mehmet Bozdağ, Yeşim Aslan,","Kamil Aydın,",,Action & Adventure,,Mehmet Bozdağ,20,0
120,1/1/2018 0:00,Show TV,1,Keşke Hiç Büyümeseydik,MinT Production,Ege Aydan,Burcu Kara,Açelya Akkoyun,"Birol Güven, Murat Aras, Eray Yasin Küçük,","Mustafa Uğur Yağcıoğlu ,",,Comedy,Drama,Birol Güven,20,0
150,12/16/2017 0:00,Kanal D,1,Dostlar Mahallesi,Erler Film,Alişan,Çağla Şıkel,Hande Katipoğlu,"Resul Ertaş,","Ayhan Özen ,",,Family,Comedy,Türker İnanoğlu,20,0
22,12/8/2017 0:00,BluTV,3,Hile,Filmler ve Filimler,Cem Asan,Taner Şahin,Andaç Ulukaya,"Taha Ulukaya ,","Taha Ulukaya ,",,Sci-Fi & Fantasy,Mystery,,online,0
120,11/29/2017 0:00,Kanal D,1,Kızlarım İçin,Süreç Film,Numan Çakır,Hakan Yufkacıgil,Meltem Gülenç,"Zehra Yücel, Zülküf Yücel,","Mesude Erarslan,",,Drama,,Mesude Erarslan,20,0
150,11/18/2017 0:00,TRT 1,3,Kalk Gidelim,Staff Film,Ufuk Özkan,Erkan Sever,Ayça Varlıer,"Cüneyt İnay, Oktay Berber,","Mustafa Şevki Doğan,",Aria,Family,Comedy,Eyüp Üstün,20,0
120,11/11/2017 0:00,atv,1,Bahtiyar Ölmez,Nehir Yapım,Yetkin Dikinciler,Hande Subaşı,Umut Oğuz,"Hasan Burak Kayacı, Feraye Şahin,","Cem Tabak,",,Comedy,Action & Adventure,Muharrem Gürer,20,0
120,11/1/2017 0:00,FOX,1,Nerdesin Birader,Filmevi Yapım,Timur Acar,Gonca Sarıyıldız,Hakan Bilgin,"Sahne 77 ,","Ulaş Cihan Şimşek ,",,Comedy,,Erol Demir,20,0
120,11/1/2017 0:00,Star TV,1,Hayat Sırları,Most Production,Ahmet Mümtaz Taylan,Ekin Koç,Hazar Ergüçlü,"Mahinur Ergun ,","Murat Can Oguz ,",,Drama,,Gül Oğuz,20,0
120,10/24/2017 0:00,FOX,3,Kadın,"Med Yapım,MF Yapım",Özge Özpirinçci,Caner Cindoruk,Bennu Yıldırımlar,"Hande Altaylı, ","Nadim Güç, ",,Drama,Family,Fatih Aksoy,20,1
120,10/24/2017 0:00,Star TV,2,Ufak Tefek Cinayetler,Ay Yapım,Gökçe Bahadır,Aslıhan Gürbüz,Bade İşçil,Meriç Acemi,"Ali Bilgin, ","Uğur Ateş ,Cem Öget ,",Drama,Mystery,Kerem Çatay,20,0
120,10/22/2017 0:00,TRT 1,1,Aslan Ailem,ES Film,Akın Akınözü,Burcu Özberk,Fırat Altunmeşe,"Ayça Mutlugil, Hale Çalap, Yaşar Arak, Gülşen Okumuş,","Başak Soysal,",Serkan Çağrı,Comedy,Drama,Yusuf Esenkal,20,1
120,10/22/2017 0:00,Show TV,3,Çukur,Ay Yapım,Aras Bulut İynemli,Öner Erkan,Rıza Kocaoğlu,"Gökhan Horzum, Damla Serim,","Sinan Öztürk,",,Crime,Action & Adventure,Gökhan Horzum,20,0
120,10/16/2017 0:00,Kanal D,1,Siyah Beyaz Aşk,Productions,İbrahim Çelikkol,Birce Akalay,Muhammet Uzuner,"Erkan Birgören ,Banu Tekcan ,","Emir Khalilzadeh ,","Yıldıray Gürgen ,",Drama,Action & Adventure,Eylem Canpolat,20,0
120,9/28/2017 0:00,Star TV,1,Siyah İnci,Gold Film,Mehmet Mehmedof,İpek Bağrıaçık,Neriman Uğur,"Alphan Dikmen ,Başak Angigün ,","Benal Tairi ,","Barış Aryay,",Drama,Romantic,Erol Özlevi,20,0
120,9/23/2017 0:00,Kanal D,1,Sevda'nın Bahçesi,Gold Film,Sibel Can,Emre Kınay,Begüm Kütük,"Emir Khalilzadeh,","Birol Güven,",,Family,Drama,"Şenay Abacı Turgut, Faruk Turgut,",20,0
120,9/20/2017 0:00,Kanal D,1,Tutsak,1441 Productions,Pamir Pekin,Caner Şahin,Gülper Özdemir,"Gamze Arslan ,Volkan Yazıcı ,Hasan Cömert ,","Serhan Şahin ,",,Drama,,"İrfan Şahin,",20,0
120,9/18/2017 0:00,FOX,1,Kayıtdışı,"Red Arrow Entertainment,Karga Seven Pictures",Burak Yamantürk,Erkan Petekkaya,Songül Öden,"Şahin Altuğ ,Caner Güler ,","Cevdet Mercan ,",,Action & Adventure,Crime,"Özer Sata, Tamer Üner, Kelly Mcphersen, Tracy Bacal, Emre Şahin, Sarah Wetherbee,",20,0
120,9/16/2017 0:00,TRT 1,1,Yalaza,Sinegraf,Sinan Albayrak,Didem Balçın,İpek Tuzcuoğlu,"Hasan Kaçan,","Osman Sınav, ",,Family,Comedy,Osman Sınav,20,0
120,9/14/2017 0:00,FOX,2,Bizim Hikaye,Med Yapım,Hazal Kaya,Burak Deniz,Reha Özcan,"Hatice Meryem, Banu Kiremitçi Bozkurt Ebru Hacıoğlu, Verda Pars,","Serdar Gözelekli , ","Çağatay Akman,",Comedy,Drama,Serdar Gözelekli,20,0
120,9/8/2017 0:00,Kanal D,1,Ver Elini Aşk,Salacak Yapım,Gamze Demirbilek,Nihal Menzil,Nazan Ayas,"Ayşe Ferda Eryılmaz, Nehir Erdem,","Bora Onur, ",,Comedy,Drama,Ufuk Hakan Eren,20,0
120,7/31/2017 0:00,Kanal D,3,Çocuklar Duymasın,MinT Production,Pınar Altuğ,Zeyno Günenç Kanert,Mehmet Baran Erdoğan,"Birol Güven ,","Bora Tekay ,","Aydın Sarman, Burcu Güven,",Comedy,Family,Birol Güven,20,0
140,7/10/2017 0:00,Kanal D,1,İki Yalancı,Tükenmezkalem,Yağmur Tanrısevsin,Koray Erkök,Keremcem,"Gani Müjde ,","Eda Teksöz ,",,Comedy,,Gani Müjde,20,0
130,7/4/2017 0:00,FOX,1,Deli Gönül,25 Film,Murat Ünalmış,Tuvana Türkay,Ayşe Çiğdem Batur,"Rahşan Çiğdem İnan, Barış Pirhasan, Selim Demirdelen,","Selim Demirdelen, ",,Drama,,"Fırat Parlak, Koray Şahin,",20,0
120,7/4/2017 0:00,Star TV,1,Dolunay,No Dokuz Productions,Özge Gürel,Can Yaman,Hakan Kurtaş,"Aysen Günsu Teker ,Fikret Bekler ,","Çağrı Bayraklı ,",,Comedy,Drama,Yağmur Ünal,20,0
90,7/3/2017 0:00,Star TV,2,Çember,ANS Production,Barış Bağcı,Pelin Akil,Anıl Altan,"Başak Yaz Odası,","Fulya Yavuzoğlu, ",,Action & Adventure,Crime,Abdullah Oğuz,20,0
120,6/29/2017 0:00,Star TV,1,Ateşböceği,Mia Yapım,Seçkin Özdemir,Nilay Deniz,Çağrı Çıtanak,"Ebru Hacıoğlu,","Barış Yöş,",,Comedy,Drama,Banu Akdeniz,20,0
140,6/15/2017 0:00,atv,1,Kanatsız Kuşlar,Koliba Film,Melis Tüzüngüç,Ümit İbrahim Kantarcılar,Fatih Al,"Hakan Haksun, Eda Karakoç, Pervin Bozan, Elif Başaran, Burak Kumdakçı,",,,Drama,,Ata Türkoğlu,20,0
120,5/26/2017 0:00,FOX,1,Şevkat Yerimdar,Limon Film,Özgürcan Çevik,Başak Parlak,Salih Kalyon,"Erol Hızarcı, Meryem Çitçi,","Bülent İşbilen, ","Barış Aryay, Mehmet Andiçen,",Comedy,Family,Bülent İşbilen,20,0
170,4/30/2017 0:00,atv,1,Seni Kimler Aldı,Pastel Film,Serhan Yavaş,Fulya Zenginer,Duygu Yetiş,"Pınar Uysal,","Sadullah Şentürk,",,Drama,,Efe İrvül,20,0
120,4/24/2017 0:00,FOX,2,Savaşçı,Limon Film,Berk Oktay,Gaye Turgut Evin,Alican Albayrak,"Süleyman Çobanoğlu,","Osman Taşçı, ","Alpay Göltekin, Zeynep Alasya, Caner Özkan,",War & Politics,,Volkan Kocatürk,20,0
130,4/3/2017 0:00,Star TV,3,Söz,Tims Productions,Tolga Sarıtaş,Deniz Baysal,Nihat Alptuğ Altınkaya,"Ethem Özışık ,","Yağız Alp Akaydın ,","Atakan Ilgazdağ,",War & Politics,Drama,Timur Savcı,20,0
60,3/31/2017 0:00,puhutv,2,Fi,Ay Yapım,Ozan Güven,Serenay Sarıkaya,Mehmet Günsür,"Nükhet Bıçakçı ,Özlem Yücel ,","Mert Baykal ,","Cem Öget ,",Drama,,Akilah Azra Kohen,online,1
120,3/28/2017 0:00,Kanal D,2,İsimsizler,ES Film,Uğur Güneş,Atsız Karaduman,Çağkan Çulha,"Mustafa Burak Doğru, Serkan Birlik, Ayça Mutlugil, Hale Çalap,",,,War & Politics,,Yusuf Esenkal,20,0
150,3/26/2017 0:00,TRT 1,1,Lise Devriyesi,ARC FILMS,Ozan Dolunay,Bahar Şahin,İsmail Ege Şaşmaz,"Tuna Görgün, Öktem Başol, Fatih Enes Ömeroğlu, Samed Aslan, Zeynep Bonçe, ","Yahya Samancı ,",,Comedy,Crime,Fatih Enes Ömeroğlu,20,0
155,3/25/2017 0:00,Star TV,2,Fazilet Hanım ve Kızları,Avşar Film,Çağlar Ertuğrul,Deniz Baysal,Nazan Kesal,"Sırma Yanık ,","Gökçen Usta ,",,Drama,,Şükrü Avşar,20,0
120,3/11/2017 0:00,Show TV,2,Yeni Gelin,Process Film,Tolga Mendi,Murat Kocacık,Jessica May,"Ersoy Güler,","Ersoy Güler, ","JingleTv,",Comedy,Drama,Ersoy Güler,20,0
150,3/7/2017 0:00,Kanal D,1,Evlat Kokusu,Endemol Shine Türkiye,Hande Soral,Barış Kılıç,Murat Han,"Endemol Shine Yazı Grubu,","Gökçen Usta ,",,Drama,,,20,0
120,3/6/2017 0:00,FOX,1,Kırlangıç Fırtınası,Limon Film,Fikret Kuşkan,Gün Akıncı,Ozan Osmanpaşaoğlu,"Erkan Birgören,","Emine Fulya Yavuzoğlu,",,Drama,,Hayri Aslan,20,0
120,3/3/2017 0:00,Star TV,3,İstanbullu Gelin,O3 Medya,Aslı Enver,Özcan Deniz,Salih Bademci,"Teşrik-i Mesai,","Zeynep Günay Tan, ",,Drama,,Onur Güvenatam,20,0
120,2/24/2017 0:00,TRT 1,4,Payitaht Abdülhamid,Es Yapım,Bulent İnal,Saygın Soysal,Ezgi Eyüboğlu,"Osman Bodur, Uğur Uzunok,","Serdar Akar,","Yıldıray Gürgen,",Action & Adventure,Drama,Yusuf Esenkal,20,0
60,2/24/2017 0:00,BluTV,1,Sahipli,D Productions,Funda Güray,Baran Akbulut,Sait Genay,"Selim Erkul ,Duygu Nişancı ,","Alper Mestçi ,",Resit Gözdamla,Horror,,"Ayse Durmaz,Müge Durali Park,Aysil Tay",online,0
120,2/11/2017 0:00,Star TV,1,Icimdeki Firtina,Aslan Film,Burak Yamantürk,Merve Bolugur,Yusuf Çim,"Yazı'hane,","Doğan Ümit Karaca ,","Ender Akay, Sunay Özgür,",Drama,,"	Kazım Uğur Kızılaslan",20,0
130,1/28/2017 0:00,Kanal D,1,Adı Efsane,D Productions,Erdal Beşikçioğlu,Gökçe Bahadır,Rojda Demirer,"Nazlı Sunlu ,Tunus Tasci ,Hilal Yıldız ,","Devrim Yalcin ,","Alpay Göltekin ,",Drama,,Müge Turalı Pak,20,0
120,1/25/2017 0:00,atv,1,Ölene Kadar,Tims Productions,Engin Akyurek,Fahriye Evcen,Sarp Levendoğlu,"Elif Usman Ergüden,","Umur Turagay ,",,Drama,,Timur Savcı,20,0
120,1/17/2017 0:00,Star TV,1,Yıldızlar Şahidim,Süreç Film,Özge Gürel,Berk Cankat,Mesut Akusta,"Yazı Odası,","Serhat Çakıroğlu,","Volkan Akmehmet, İnanç Şanver,",Comedy,Drama,Ali Gündoğdu,20,0
45,1/12/2017 0:00,atv,1,Bu Şehir Arkandan Gelecek,Ay Yapım,Kerem Bursin,Leyla Lydia Tuğutlu,Gürkan Uygun,"Ece Yörenç,","Çağrı Vila Lostuvalı,","Toygar Işıklı,",Drama,Action,Kerem Çatay,20,0
95,1/3/2017 0:00,TRT 1,1,Son Destan,BKM,Bülent İnal,Ecem Çalık,Sedef Avcı,"Ali Ulvi Hünkar ,","Yağız Alp Akaydın ,",,Drama,,Necati Akpınar,20,0
120,11/17/2016 0:00,FOX,2,Ask yeniden,Süreç Film,Özge Özpirinçci,Buğra Gülsoy,Tamer Levent,"Ersoy Güler, Eda Tezcan, Gülbike Sonay Üte, Ramazan Demirli,","Ersoy Güler,","Batuhan Fırat,",Romantic,Comedy,İnci Gündoğdu,20,0
140,11/4/2016 0:00,atv,3,Aşk ve Mavi,NTC Medya,Burcu Kıratlı,Cüneyt Mete,Ayşegül Ünsal,"Gül Abus Semerci, Yelda Eroğlu,","Hakan Arslan ,","Alp Yenier,",Drama,Romantic,Mehmet Yiğit Alp,20,0
120,11/1/2016 0:00,Kanal D,2,Vatanım Sensin,O3 Medya,Halit Ergenç,Bergüzar Korel,Onur Saylak,"Necati Şahin, Nuran Evren Şit, Nergis Otluoğlu Akoğlu,Ali Aydın, Uygar Şirin, Melih Özyılmaz, Melek Seven, Deniz Gürlek","Yağmur Taylan ,","Yıldıray Gürgen ,",Drama,War & Politics,Nermin Eroğu,20,0
120,10/25/2016 0:00,Star TV,1,Anne,"MF Pictures,Med Yapım",Cansu Dere,Beren Gökyıldız,Gonca Vuslateri,"Deniz Gürlek ,Melih Özyılmaz ,Melek Seven ,Uygar Şirin ,","Merve Girgin ,","Ercüment Orkut ,Cem Tuncer ,Nail Yurtsever ,",Family,Drama,Fatih Aksoy,20,1
150,10/22/2016 0:00,FOX,2,Kalbimdeki Deniz,Pastel Film,Özge Özberk,Kutsi,Yeşim Ceren Bozoğlu,"Leyla Uslu Oter ,Berat Deniz Demirbilek ,Kerem Bozok ,","Hakan İnan ,",Fırat Yükselir,Family,Drama,Efe İrvül,20,0
120,10/16/2016 0:00,Star TV,1,Hayat Bazen Tatlıdır,Süreç Film,Birce Akalay,Ufuk Özkan,Kanbolat Görkem Arslan,"Gani Müjde ,","Hamdi Alkan ,","Jingle Tv,",Family,Drama,Gani Müjde,20,0
90,10/13/2016 0:00,Show TV,1,Cesur Yürek,Fark Film,Ruveyda Öksüz,İsmail Hakkı Ürün,Şekip Taşpınar,"Cüneyt Aysan ,Ozan Aksungur ,","Emre Karakuşak ,","Nevzat Yılmaz,",Drama,Crime,Cüneyt Aysan,20,0
90,9/19/2016 0:00,Kanal D,1,Babam ve Ailesi,Gold Film,Ayça Bingöl,Ceyda Düvenci,Bulent İnal,"Onur Ugraš, Murat Jurkulak,","Nihat Durak,",,Drama,,Faruk Turgut,20,0
135,8/28/2016 0:00,Show TV,1,Arkadaşlar İyidir,O3 Medya,Aslı Melisa Uzun,İdris Nebi Taşkan,Su Kutlu,"Ekin Atalar,","Zeynep Günay Tan ,","Uğur Akyürek, Ufuk Türk, Çağlar Haznedaroğlu,",Drama,Family,Onur Güvenatam,20,0
140,8/26/2016 0:00,FOX,1,Bana Sevmeyi Anlat,Ay Yapım,Mahperi Mertoğlu,Kadir Doğulu,Seda Bakan,"Deniz Akçay,","Mesude Erarslan,","Toygar Işıklı,",Drama,Soap,Kerem Çatay,20,0
120,8/20/2016 0:00,FOX,1,Rüzgarın Kalbi,Filmevi Yapım,Deniz Baysal,Burak Serdar Şanal,Başak Daşman,"özge efendioğlu,","Filiz Gülmez Pakman ,",,Drama,Romantic,Erol Demir,20,0
120,7/16/2016 0:00,Star TV,1,Yüksek Sosyete,Bi Yapım,Hazar Ergüçlü,Engin Öztürk,Ozan Dolunay,"Yazı Odası,","Metin Balekoğlu ,",,Comedy,Drama,Feride Kaytan,20,0
120,7/15/2016 0:00,FOX,1,N'olur Ayrılalım,Sinegraf,Nilay Duru,Aras Aydın,Hüseyin Gülhuy,"Ayşe Ferda Eryılmaz, Nehir Erdem,","Yusuf Omer Sınav ,","Yildiray Gürgen ,",Comedy,Romantic,Osman Sınav,20,0
120,7/12/2016 0:00,TRT 1,1,Hangimiz Sevmedik,BSK Yapım,Altan Erkekli,Gül Onat,Can Yaman,"Alphan Dikmen, Başak Angigün,","Metin Balekoğlu,",,Drama,Comedy,Çağrı Bingüller,20,0
120,6/27/2016 0:00,atv,1,Seviyor Sevmiyor,MF Yapım,Gökhan Alkan,Gonca Sarıyıldız,Zeynep Tuğçe Bayat,"Cho Sung - Hee,","Yusuf Pirhasan,",,Comedy,Drama,Yusuf Pirhasan,20,1
120,6/15/2016 0:00,Show TV,1,Aşk Laftan Anlamaz,Bi Yapım,Burak Deniz,Hande Erçel,Özcan Tekdemir,"Makbule Kosif, Eda Tezcan,","Burak Sağyaşar ,","Kıvılcım Ural,",Comedy,Drama,Bahadır İnce,20,0
140,6/6/2016 0:00,FOX,1,Hayat Sevince Güzel,Limon Film,Algı Eke,Ekin Mert Daymaz,Burak Çelik,"Hülya Koper,","Eray Koçak ,","Alpay Goltekin ,Zeynep Alasya ,",Comedy,,Hayri Aslan,20,0
120,6/1/2016 0:00,Kanal D,1,Seref meselesi,D productions,Kerem Bursin,Şükrü Özyıldız,Yasemin Allen,Teodosio Losito,Altan Dönmez,"Salvatore Riccardi, Yıldıray Gürgen",Drama,Romantic,Elif Ayşe Durmaz,20,0
34,6/1/2016 0:00,BluTV,6,Sıfır Bir,Sıfır Bir Yapım,Cihangir Ceyhan,Savaş Satış,Burak Şahin,,"Kadri Beran Taşkın,",,Action & Adventure,Crime,Kadri Beran TAŞKIN,online,0
120,5/13/2016 0:00,Kanal D,1,Hayatımın Aşkı,Lucky Red,Hande Doğandemir,Serkan Çayoğlu,Berk Hakman,"Gökhan Horzom, Ekin Atalar,","Hakan Kıravaç,",,Comedy,,Shebnem Askin,20,0
120,4/29/2016 0:00,TRT 1,2,Sevda Kuşun Kanadında,Sonart Medya,Yavuz Bingöl,Murat Ünalmış,Müge Boz,"Oktay Berber, Mustafa Burak Doğu, Selma Hacıosmanoğlu, Alp Emre,","Ayhan Özen ,","Ender Gündüzlü, Metin Arıgül,",Drama,History,Mesut Uçakan,20,0
60,3/27/2016 0:00,Star TV,1,46 Yok Olan,Nunova Film,Selin Uludogan,Erdal Beşikçioğlu,Yasemin Kay Allen,"Ercan Mehmet Erdem ,","Serdar Akar ,","Onur Yüce,",Mystery,Comedy,Serdar Akar,23.45,0
120,3/26/2016 0:00,Kanal D,1,Tatlı İntikam,D Yapım,Leyla Lydia Tuğutlu,Furkan Andıç,Can Nergis,"Pinar Ordu ,Ilker Aslan ,","Baris Erçetin,",,Comedy,Drama,Ebru Sakal,20,0
120,2/23/2016 0:00,Show TV,1,Kış Güneşi,Endemol Shine Turkey,Şükrü Özyıldız,Aslı Enver,Mahir Günşiray,"Ayça Mutlugil, Alev Toprakoğlu, Erkan Çıplak, Hale Çalap,","Murat Onbul ,","Emir Ersoy,",Drama,,Gökhan Tatarer,20,0
120,2/9/2016 0:00,Kanal D,2,Hayat Şarkısı,Most Production,Burcu Biricik,Ecem Özkaya,Birkan Sokullu,"Mahinur Ergun,","Cem Karcı ,","Uğur Akyürek, Ufuk Türk,",Drama,,Gül Oğuz,20,0
120,1/12/2016 0:00,,1,Gecenin Kraliçesi,O3 Medya,Meryem Uzerli,Murat Yıldırım,Uğur Polat,"Ozan Aksungur, Cüneyt Aysan,",Taylan Biraderler,"Aytekin Ataş,",Drama,Action,Onur Güvenatam,20,0
120,1/7/2016 0:00,FOX,2,Kördüğüm,Endemol Shine Turkey,İbrahim Çelikkol,Rojda Demirer,Ferit Aktuğ,"Sedef Bayburtluğlu, Yasemin Kırbaş, Yiğit Okan, Feraye Şahin, Selin Arapkırlı,","Gökçen Usta Çaylar,",,Drama,,Ömer Faruk Sorak,20,0
60,1/6/2016 0:00,Star TV,4,Adını Sen Koy,Karamel Yapım,Gözde Gürkan,Merve Sevin,Cansu Pelin Özgün,Başak Yazı Odası,"Fulya Yavuzoğlu ,","Korhan Nart,",Family,Drama,Nazmiye Yılmaz,17,0
120,12/20/2015 0:00,Show TV,1,Acı Aşk,TMC,Neriman Uğur,Mutlu Güney,Nazan Diper,"Onur Ünlü,","A. Taner Elhan,","Fairuz Derin Bulut,",Drama,,Timur Savcı,20,0
130,11/12/2015 0:00,Star TV,2,Muhteşem Yüzyıl: Kösem,Tims Productions,Nurgül Yeşilçay,Farah Zeynep Abdullah,Beren Saat,"Meral Okay, Yılmaz Şahin,","Taylan Biraderler, ","Fahir Atakoğlu, Aytekin Ataş, Soner Akalın,",Drama,History,Timur Savcı,20,0
120,10/14/2015 0:00,Star TV,2,Kara Sevda,Ay Yapım,Burak Özçivit,Neslihan Atagül,Kaan Urgancıoğlu,"Anıl Eke ,Özlem Yılmaz ,Burcu Görgün ,","Hilal Saral ,","Toygar Işıklı,",Drama,,Kerem Çatay,20,0
120,10/11/2015 0:00,Star TV,1,Hatırla Gönül,Most Production,Gökçe Bahadır,Engin Öztürk,Onur Saylak,"Deniz Yeşilgün, Esra Çetek Yılmazer,","Neslihan Yeşilyurt,","Uğur Akyürek,Ufuk Türk,Cihangir Aslan",Drama,,Gül Oğuz,20,0
120,10/7/2015 0:00,atv,1,Eve Dönüs,Yapım Atölyesi,Cansel Elçin,Zeynep Özder,Dilşad Çelebi,"Ahmet Saatçioğlu,","Kartal Çidamlı, ","Mustafa Ceceli,",Drama,,"Yalçın Şen,",20,1
120,10/4/2015 0:00,atv,1,Evli ve Öfkeli,Süreç Film,Birce Akalay,Ebru Cündübeyoğlu,Yıldız Çağrı Atiksoy,"Cem Görgeç,","Nisa Akman, ",,Drama,Comedy,Ali Gündoğdu,20,0
127.5,9/8/2015 0:00,atv,5,Eşkıya Dünyaya Hükümdar Olmaz,,Oktay Kaynarca,Deniz Çakır,Müjde Uzman,"Raci Şaşmaz, Bahadır Özdener, Berna Aruz, ","Onur Tan, ","Ayşe Önder, ",War & Politics,Crime,Raci Şaşmaz,21,0
120,8/2/2015 0:00,TRT 1,2,Baba Can'dır,TRT,Özgün Karaman,Tülay Bursa,Uraz Kaygılaroğlu,"Tayfun Güneyen,","Yusuf Pirhasan, ",,Comedy,Drama,Faruk Bayhan,20,1
120,7/16/2015 0:00,Star TV,1,Çilek Kokusu,Gold Film,Yusuf Çim,Leyla Uner Ermaya,Demet Özdemir,"Aslı Zengin,","Filiz Gülmez Pakman ,",,Comedy,,Faruk Turgut,20,0
110,7/6/2015 0:00,Star TV,1,Tatlı Küçük Yalancılar,O3 Medya,Bensu Soral,Büşra Develi,Beste Kökdemir,"Elif Usman Ergüden,","Cem Karcı,","Sertab Erener,",Mystery,Drama,Saner Ayar,20,1
120,6/29/2015 0:00,atv,3,Kırgın Çiçekler,NTC Medya,Hazar Motan,Aleyna Solaker,Nil Keser,"Gül Abus Semerci, Yelda Eroğlu",Mehmet Yiğit Alp,"Müzikopat,",Drama,Famiy,Mehmet Yiğit Alp,21,1
90,6/21/2015 0:00,TRT 1,2,Yedi Güzel Adam,Pusula Film,Uraz Kaygılaroğlu,Uğur Karabulut,Orhan Kanalp,"Ahmet Tezcan,",Adnan Güler,Engin Bayrak,Drama,Family,İlksen Fırat,20,0
120,6/19/2015 0:00,Star TV,2,Kiralik Ask,Ortaks Yapim,Elçin Sangu,Barış Arduç,Salih Bademci,"Meriç Acemi ,","Şenol Sönmez ,","Alpay Göktekin ,Zeynep Alasya ,",Comedy,,Metin Balekoğlu,20,0
120,6/18/2015 0:00,Kanal D,1,Güneşin Kızları,Süreç Film,Evrim Alasya,Tolga Sarıtaş,Burcu Özberk,"Deniz Dargı, Cenk Boğatur, Okşan Tavaslıoğlu Öztürk","Sadullah Celen,","Batuhan Fırat,",Drama,Comedy,Sadullah Celen,20,0
120,6/18/2015 0:00,TRT 1,2,Yunus Emre: Aşkın Yolculuğu,,Gökhan Atalay,Payidar Tüfekçioğlu,Ceyda Kasabalı,"Mehmet Bozdağ,","Emre Konuk, ","Mehmet Bozdağ,",Drama,Historical fiction,Mehmet Bozdağ,20,0
120,6/10/2015 0:00,Show TV,1,İlişki Durumu: Karışık,MF Yapım,Seren Şirince,Berk Oktay,Pamir Pekin,"Banu Kiremitçi Bozkurt,","Bülent İşbilen,","Oya Küçümen,",Comedy,Drama,Faruk Bayhan,20,0
100,4/12/2015 0:00,atv,1,Mutlu Ol Yeter,ntc,Ali Atay,Aslı Enver,Ertan Saban,"Ali Demirel, Barış Erdoğan, Volkan Sümbül, Yiğit Özgür,","Kerem Çakıroğlu,","Baris Diri,Murat Hasari,Cem Özkan",Family,Comedy,Mehmet Yiğit Alp,15,0
110,4/3/2015 0:00,TRT 1,1,MiLaT,Miray Yapım,İlhan Şeşen,Ufuk Bayraktar,Burcu Kara,"Alphan Dikmen, Payitaht Yazı Grubu, Başak Anigün, Gökmen Turnalı,","Hakan Kurşun,","Engin Arslan, Mayki Murat Basaran, Kalan Müzik",Crime,Action & Adventure,"Eyüp Gökhan Özekin,",20,0
100,3/5/2015 0:00,Tv8,2,Maral: En Güzel Hikayem,,Hazal Kaya,Aras Bulut İynemli,Ceyda Düvenci,"Gökhan Horzum, Korean Derinsu, Caner Yalçın, Hazar Kozice, Serpe Yener,","Bahadar İnce,","Cem Tuncer, ENC Müzik,",Drama,Romantic,"Arzu Eğmir,",20,0
120,2/12/2015 0:00,Show TV,3,Asla Vazgeçmem,Gold Film,Hakan Dinçkol,Tolgahan Sayışman,Amine Gülşe,"Sırma Yanık, Melis Civelek,","Nihat Durak, ",,Drama,Romantic,"Faruk Turgut,",20,0
120,1/7/2015 0:00,Kanal D,3,Poyraz Karayel,Limon Film,Ece Özdikici,Cem Cücenoğlu,Celil Nalçakan,"Ethem Özışık,","Çağrı Vila Lostuvalı , ","Alpay Göltekin,",Drama,Action & Adventure,Hayri Aslan,20,0
90,1/6/2015 0:00,Kanal D,1,Beş Kardeş,Ay Yapım,Merve Ateş,Serkan Keskin,Osman Sonant,"Onur Ünlü, ","Onur Ünlü,","Toygar Işıklı,",Family,Comedy,Onur Ünlü,20,0
120,12/23/2014 0:00,TRT 1,2,Filinta : Bir Osmanlı Polisiyesi,,Onur Tuna,Cem Uçan,Berrak Tüzünataç,"Ömer Genç, Altuğ Küçük,","Osman Kaya,","Tamer Çıray,",Crime,Action & Adventure,"Yusuf Esenkal, Serdar Öğretici,",20,0
120,12/11/2014 0:00,TRT 1,5,Diriliş: Ertuğrul,Tekden Film,Engin Altan Düzyatan,Nurettin Sönmez,Fahri Öztezcan,"Mehmet Bozdağ, Atilla Engin,","Metin Günay,","Zeynep Alasya,",Action & Adventure,Drama,"Mehmet Bozdağ, Kemal Tekden,",20,0
120,12/1/2014 0:00,Star TV,3,Paramparça,Endemol Shine Turkey,Ebru Özkan,Burkan Tozkoparan,Leyla Tanlar,Yıldız Tunç,"Cevdet Mercan, ","Ayşe Önder, Ümit Önder, Mayki Murat Başaran",Action & Adventure,Comedy,Gökhan Tatarer,20,0
100,11/5/2014 0:00,FOX,1,Günahkar,MF Yapım,Seçkin Özdemir,Gülcan Arslan,Hazal Filiz Küçükköse,"Makbule Kosif, Nalan Merter Savaş, Glsef Karagöz, Zafer Özer Çetinel,","Barış Yöş,","Alp Yenier,",Drama,,"Faruk Bayhan, Fatih Aksoy,",20,1
110,10/24/2014 0:00,atv,1,Beyaz Karanfil,Fark Film,Oya Unustası,Gizem Koçak,Kenan Çoban,"Cüneyt Aysan ,Volkan Sümbül ,","Baran Özçaylan ,","Atakan Ilgazdağ,",Action & Adventure,Crime,"Bahadır Özdener,",20,0
110,10/14/2014 0:00,Star TV,2,Kaderimin Yazildigi Gün,03 production,Metin Cekmez,Özcan Deniz,Hatice Şendil,"Muharrem Buhara, Özlem Atasoy, Kerim Ceylan, Bektaş Topaloğlu,","Ulaş İnaç, ","Aytekin Ataş, Erdem Doğan,",Drama,Romantic,"Cengiz Çağatay,",20,0
93,10/10/2014 0:00,TRT 1,2,Yeşil Deniz,TFT Productions,Burak Alkaş,Ali Barkın,Mert Turak,"Ali Kara, İdris Meydi, Serkan Birlik,","Yahya Samancı,","Tuna Hizmetli,",Drama,Comedy,"Ayfer Özgürel,",20,0
60,9/15/2014 0:00,Kanal 7,5,Elif,"FremantleMedia, Green Yapim",Selin Sezgin,Isabella Damla Guvenilir,Melisa Döngel,"Rüya İstanbul,","Fulya Yavuzoğlu, ","Korhan Nart,Murat Evgin",Drama,Romantic,"Özkan İpek,",15,0
100,9/15/2014 0:00,Star TV,1,Reaksiyon,Reaksiyon Film,İbrahim Çelikkol,İsmail Demirci,Erdal Beşikçioğlu,"Ozan Aksungur, Emre Özdür",Onur Tan,Fahir Atakoğlu,Action & Adventure,Drama,Ozan Aksungur,20.3,0
90,8/31/2014 0:00,atv,1,Kalp Hırsızı,MinT Production,Mine Tugay,Kenan Ece,Berk Pamir,"Birol Güven, Yaşar Arak, Caner Güler,","Emre Kavuk,",,Romantic,Comedy,"Birol Güven,",20,0
105,7/8/2014 0:00,Kanal D,2,Güllerin Savaşı,Medyapım,Damla Sönmez,Canan Ergüder,Barış Kılıç,"Melis Civelek, Sırma Yanık,","Emre Kabakuşak,","Ercüment Orkut,Mehmet Cem Tuncer,Nail Yurtsever",Drama,Romantic,"Fatih Aksoy,",20,0
105,7/4/2014 0:00,FOX,2,Kiraz Mevsimi,Süreç Film,Özge Gürel,Serkan Çayoğlu,Nilperi Şahinkaya,"Baykut Badem ,Filiz Ekinci ,","Mustafa Şevki Doğan ,",,Comedy,,"Ali Gündoğdu,",19.3,0
120,6/24/2014 0:00,Star TV,2,Güzel Köylü,Gold Film,Gizem Karaca,Berk Cankat,Mehmet Ali Nuroğlu,"Baykut Badem, Filiz Ekinci, Berk Can Doğan,","Mustafa Şevki Doğan,","Mehmet Andiçen, Baris Aryay",Family,Romantic Comedy,Faruk Turgut,20,0
90,4/4/2014 0:00,Star TV,2,Kurt Seyit ve Şura,Ay Yapım,Kıvanç Tatlıtuğ,Farah Zeynep Abdullah,Fahriye Evcen,"Ece Yörenç,","Hilal Saral,","Toygar Işıklı,",Drama,History,Kerem Çatay,20,0
120,3/12/2014 0:00,atv,2,Kara Para Aşk,Ay Yapım,Ali Yörenc,Engin Akyürek,Tuba Büyüküstün,"Sema Ergenekon, Eylem Canpolat,","Ahmet Katıksız,","Toygar Işıklı,",Action & Adventure,Drama,Kerem Çatay,20,0
120,2/16/2014 0:00,FOX,2,O Hayat Benim,Pastel Film,Ezgi Asaroğlu,Ezgi Asaroğlu,Ceren Moray Brun,"Gül Abus Semerci, Yelda Eroğlu, Can Sinan, Ali Ercivan, Serdar Soydan, Yekta Torun,","Merve Girgin, ","ENC,",Drama,,"Yaşar İrvül, Efe İrvül,",20,0
60,2/13/2014 0:00,Star TV,2,Kardeş Payı,NTC Medya,Ahmet Kural,Murat Cemcir,Seda Bakan,"Selçuk Aydemir, Çağlar Yurt, Onay Durgun, Murat Kaman, Emrah Kaman, Ali İhsan Varol","Selçuk Aydemir,","Ahmet Kural, Murat Cemcir, Aytekin Ataş,",Family,Drama,"Mehmet Yiğit Alp,",23,0
120,1/7/2014 0:00,Kanal D,1,Cinayet,Adam Film,Nurgül Yeşilçay,Engin Altan Düzyatan,Uğur Polat,"Ercan Mehmet Erdem,","Serdar Akar, ","Frans Bac,",Crime,Mystery,"Tarkan Karlıdağ, Cansu Akbel,",20,1
90,1/1/2014 0:00,TRT 1,1,Hayat Ağacı,Focus Film,Fikret Kuskan,Fırat Temir,Onur Saylak,"Volkan Yazıcı ,","Barış Yöş ,",Fahir Atakoglu,Drama,Family,"Nilgün Sağyaşar,",23,1
45,12/8/2013 0:00,FOX,1,1 Erkek 1 Kadın 2 Çocuk,Bando Yapım,Demet Evgar,Emre Karayel,,"Ali Alper Erze ,Meriç Acemi ,Utku Gürtunca ,Sadık Bigat ,Zeki Enes Akkan ,","Leyla Yaman ,","Gaetan Essiambre,",Family,Comedy,"Mehmet Karaca, Müge Turalı, ",22,1
70,10/25/2013 0:00,Star TV,1,Ben de Özledim,EFLATUN FILM,Gülce Oral,Sarp Aydınoğlu,Ezgi Çelik,"Burak Aksak,","Onur Ünlü,","
Ahmet Kenan Bilgic,Okan Kaya,Taner Yücel,Burak Akay",Comedy,Family,Onur Ünlü,23.3,0
100,10/25/2013 0:00,Kanal D,1,A.S.K.,Gold Film,Nebahat Çehre,Hazal Kaya,Aslı Tandoğan,"Evren Şit, Serdar Soydan,","Ömür Atay ,",Aytekin Ataş,Drama,Romantic,Faruk Turgut,20,0
100,9/24/2013 0:00,Kanal D,1,Çalıkuşu,Tims Productions,Fahriye Evcen,Burak Özçivit,Elif İskender,"Sevgi Yılmaz ,","Çağan Irmak ,","Esin Engin ,",Family,Drama,Timur Savcı,20,1
90,9/24/2013 0:00,atv,2,Kaçak,Süreç Film,Gurkan Uygun,Berk Hakman,Mustafa Avkıran,"Zülküf Yücel,","Ahmet Volkan Kocatürk, ",Kıraç,Action & Adventure,Comedy,Ali Gündoğdu,20,0
120,9/13/2013 0:00,Star TV,2,Medcezir,Ay Yapım,Çağatay Ulusoy,Serenay Sarıkaya,Metin Akdülger,"Ece Yörenç, Melek Gençoğlu ","Ali Bilgin,","Toygar Işıklı,",Comedy,Drama,Kerem Çatay,20,1
90,7/5/2013 0:00,FOX,1,Sana Bir Sır Vereceğim,SCORFILMS,Demet Özdemir,Murat Han,Esra Ronabar,"Ethem Özışık,","Cevriye Demir ,",,Drama,Mystery,Fikret Soğancı,20,1
120,7/2/2013 0:00,Kanal D,1,Günesi Beklerken,D Productions,Kerem Bursin,Hande Doğandemir,Yağmur Tanrısevsin,"Deniz Dargı, Rüya İşçileri, ","Altan Dönmez ,",,Comedy,Drama,Ayşe E. Durmaz,20,0
100,3/29/2013 0:00,FOX,4,Karagül,Avşar Film,Ayça Ayşin Turan,Hilal Altınbilek,Mesut Akusta,"Sema Ergenekon, Eylem Canpolat, Pınar Uysal, Funda Çetin, Erkan Birgören, Betül Yağsağan, Beril Köse, Özlem Yücel, Mert Meriçli, Hale Çalap, Özlem Taşağal Yakıcı","Murat Saraçoğlu ,","Fırat Yükselir,",Drama,Action & Adventure,Şükrü Avşar,20,0
110,3/26/2013 0:00,FOX,2,Bir Aşk Hikayesi,MF Yapım,Seçkin Özdemir,Damla Sönmez,Yamaç Telli,"Makbule Kosif, Funda Çetin, Pınar Uysal, Zehra Güleray,",Barış Yöş,,Drama,Romantic,"Faruk Bayhan, Fatih Aksoy",20,1
90,1/24/2013 0:00,Show TV,1,Bebek İşi,Limon Film,Timur Acar,Nurgül Yeşilçay,Nevra Serezli,Murat Gürvardar,Hayri Aslan,,Comedy,Family,Hayri Aslan,16,0
90,1/4/2013 0:00,Kanal D,2,İntikam,"Disney Türkiye,In D House",Beren Saat,Yiğit Özşener,Mert Fırat,"Berkun Oya, Nuran Evren Şit Erdik","Mesude Eraslan,  ",,Drama,Action & Adventure,Mesude Erarslan,20,1
110,1/1/2013 0:00,TRT 1,3,Beni Böyle Sev,BSK Yapım,Alper Saldıran,Zeynep Çamcı,Burcu Altın,"Hakan Haksun ,Müjdan Kayserli ,Mert Meriçli ,Deniz Büyükkırlı ,","Cem Tabak ,","Günay Ünsal,",Family,Drama,Çağrı Bingüller,20,0
90,1/1/2013 0:00,Star TV,1,20 Dakika,Ay Yapım,İlker Aksum,Tuba Büyüküstün,Firat Celik,"Kerem Deren, Pınar Bulut",        Ali Bilgin,,Action & Adventure,Drama,Kerem Çatay,20,0
130,10/8/2012 0:00,atv,3,Karadayı,Ay Yapım,Kenan İmirzalıoğlu,Bergüzar Korel,Çetin Tekindor,"Sema Ergenekon ,Eylem Canpolat ,","Uluç Bayraktar ,","Toygar Işıklı ,",Family,Action & Adventure,Kerem Çatay,20,0
90,9/29/2012 0:00,atv,1,Alev Alev,Erler Film,İlker İnanoğlu,Rojda Demirer,Berk Oktay,"Mahinur Ergun ,","Mahinur Ergun ,",,Drama,Soap,Türker İnanoğlu,20,0
120,9/21/2012 0:00,TRT 1,2,Böyle Bitmesin,AT Yapım,Yeliz Kuvancı,Nergis Öztürk,Cemal Toktas,"Atalay Taşdiken,","Emre Kabakuşak,",,Comedy,Drama,Atalay Taşdiken,16.35,0
90,9/14/2012 0:00,TRT 1,1,Şubat,EFLATUN FILM,Damla Sönmez,Hande Doğandemir,Melisa Sözen,"Funda Alp, Onur Ünlü,",Volkan Kocatürk,Ayşe Önder,Mystery,Crime,Onur Ünlü,20,0
90,8/1/2012 0:00,Star TV,1,Evlerden Biri,Koliba Film,Özgür Çevik,Ceyda Ateş,Barış Aytaç,"Hakan Haksun, Müjdan Kayserli","Bahadır İnce ,",,Drama,,Ata Türkoğlu,,1
86,6/28/2012 0:00,Star TV,1,İşler Güçler,Limon Film,Ahmet Kural,Murat Cemcir,Sadi Celil Cengiz,"Selçuk Aydemir, Osman Edip Tekin, Onay Durgun",Selçuk Aydemir,Tolga Çebi,Comedy,,Selçuk Aydemir,22.3,0
35,4/13/2012 0:00,Star TV,1,Acayip Hikayeler,Acayip Medya,Hayko Cepkin,,,"Galip Tekin,Seyfi Şahin","Yunus Nihat Özcan ,","Emre Irmak, Kalan Müzik, Mayki",Mystery,Sci-Fi & Fantasy,Galip Tekin,24,0
90,3/1/2012 0:00,Show TV,2,Suskunlar,Tims Productions,Sarp Akkaya,Aslı Enver,Murat Yıldırım,"Pınar Bulut,Anıl Eke","Çağrı Vila Lostuvalı,",Aytekin Ataş,Action & Adventure,Drama,Timur Savcı,20,1
90,2/19/2012 0:00,ATV,2,Uçurum,Süreç Film,Lavigna Longhi,Denise Capezze,Selçuk Yöntem,Kerem Deren,Ali Bilgin,Alp Yenier,Drama,Crime,"Ali Gündoğdu,İnci Gündoğdu",20,0
60,1/24/2012 0:00,TRT 1,7,Seksenler,MinT Production,Rasim Öztekin,Özlem Türkad,Soray Uzun,"Murat Aras ,","Bora Tekay ,","Aydın Sarman,Burcu Güven",Comedy,Family,Birol Güven,19.5,0
120,1/13/2012 0:00,Kanal D,4,Yalan Dünya,D Productions,Altan Erkekli,Füsun Demirel,Olgun Şimşek,"Gülse Birsel ,","Jale Atabey Özberk ,","Nil Karaibrahimgil ,",Family,Comedy,Gülse Birsel,20,0
140,11/8/2011 0:00,atv,2,Hayat Devam Ediyor,Boyut Film,Fikret Kuşkan,Şenay Gürler,Menderes Samancılar,Mahsun Kırmızıgül,"Mahsun Kırmızıgül,",Mahsun Kırmızıgül,Drama,Family,Murat Tokat,20,0
105,9/17/2011 0:00,Star TV,2,İffet,Gold Film,Deniz Çakır,İbrahim Çelikkol,Zuhal Olcay,"Can Sinan ,Zehra Güleray ,","Faruk Teber ,","Mehmet Andiçen ,Barış Aryay ,",Drama,,Zülküf Yücel,20,1
90,9/9/2011 0:00,Kanal D,1,Bir Çocuk Sevdim,TMC,Çetin Tekindor,Gülcan Arslan,Hakan Kurtaş,"Gaye Boralıoğlu, Sema Ali Erol, Figen Şakacı, Emine Algan, Ümit Kıvanç",Cevdet Mercan,"Mehmet Cem Tuncer,Nail Yurtsever",Drama,Family,Timur Savcı,,0
90,9/8/2011 0:00,Kanal D,2,Fatmagül'ün Suçu Ne?,Ay Yapım,Beren Saat,Engin Akyurek,Firat Celik,"Ece Yörenç,Melek Gençoğlu",Hilal Saral,Toygar Işıklı,Drama,,Vedat Türkali,20,1
80,4/5/2011 0:00,Kanal D,1,Üsküdar'a Giderken,,Tülin Özen,Murat Cemcir,Erkan Can,"Selçuk Aydemir ,","Selçuk Aydemir ,",Kerem Cakiroglu,Comedy,,Selçuk Aydemir,,0
85,2/9/2011 0:00,TRT 1,3,Leyla ile Mecnun,EFLATUN FILM,Ali Atay,Serkan Keskin,Ahmet Mümtaz Taylan,"Burak Aksak ,","Onur Ünlü ,",Mehmet Erdem,Comedy,Drama,Onur Ünlü,22,0
120,1/14/2011 0:00,Show TV,2,Adını Feriha Koydum,Med Yapım,Hazal Kaya,Çağatay Ulusoy,Vahide Percin,"Melis Civelek, Sırma Yanık,","Merve Girgin , ","Nail Yurtsever, Cem Tuncer,",Drama,Romantic,Fatih Aksoy,20,0
90,1/6/2011 0:00,Show TV,4,Muhteşem Yüzyıl,Tims Productions,Halit Ergenç,Meryem Uzerli,Nur Fettahoglu,"Meral Okay , Yılmaz Şahin","Taylan Biraderler, ","Fahir Atakoğlu, Aytekin Ataş, Soner Akalın",Drama,History,Timur Savcı,20,0
90,1/6/2011 0:00,Kanal D,1,Şüphe,D Productions,Selin Demiratar,Serkan Altunorak,Ismail Hacioglu,"Hürer Ebeoglu, Zülküf Yücel","Abdullah Oğuz ,",,Crime,Drama,Tarkan Karlıdağ,,0
75,9/19/2010 0:00,Star TV,4,Behzat Ç.: Bir Ankara Polisiyesi,"Inter Medya,Adam Film",Erdal Beşikçioğlu,Güven Kıraç,Nejat İşler,Ercan Mehmet Erdem,"Serdar Akar ,",Pilli Bebek,Drama,War & Politics,Emrah Serbes,20,0
100,9/17/2010 0:00,Kanal D,3,Öyle Bir Geçer Zaman Ki,D Productions,Ayça Bingöl,Erkan Petekkaya,Aras Bulut İynemli,"Coşkun Irmak ,","Zeynep Günay Tan ,","Mehmet Cem Tuncer,",Drama,Family,Zeynep Günay Tan,20,0
91,9/14/2010 0:00,FOX,4,Lale Devri,Avşar Film,Tolgahan Sayışman,Selen Soyder,Kenan Bal,"Şebnem Çıtak ,Eylem Canpolat ,Sema Ergenekon ,Banu Tekcan ,Devrim Yıldız Özdemir ,","Murat Düzgünoğlu ,","İskender Paydaş,",Drama,,Şükrü Avşar,20,0
90,7/16/2010 0:00,atv,2,Yahşi Cazibe,Süreç Film,Hakan Yılmaz,Aslıhan Gürbüz,Gökçe Özyol,"Gani Müjde ,Özlem Aybek ,Emre Bülbül ,","Bora Onur ,","Kadıköy Acil, Ropozof",Family,Comedy,Gani Müjde,20,0
75,7/8/2010 0:00,Kanal D,3,Kanıt,ANS Production,Sevil Atasoy,Ece Güzel,Engin Benli,"Ahmet Saatçioğlu,","Biray Dalkıran,","Cem Yildiz, Cenk Sanlioğlu",Action,Crime,Abdullah Oğuz,23,0
90,1/5/2010 0:00,atv,2,Aşk ve Ceza,TMC,Tomris İncer,Murat Yıldırım,Nurgül Yeşilçay,"Mehmet Bilal, Murat Lütfü, Yildiz Tunç, Ethem Yekta","Osman Albayrak,",Kiraç,Drama,Romantic,Tomris Giritlioğlu,20,0
70,10/13/2009 0:00,Show TV,1,Bu Kalp Seni Unutur Mu?,aSis Yapım,Berrak Tüzünataç,Engin Hepileri,Okan Yalabık,"Nilgün Önes ,","Aydın Bulut ,",Irsad Aydin,Drama,War & Politics,Tomris Giritlioğlu,20,0
105,9/28/2009 0:00,atv,2,Ezel,Ay Yapım,Kenan İmirzalıoğlu,Cansu Dere,Yiğit Özşener,"Kerem Deren ,","Uluç Bayraktar ,",Toygar Işıklı,Crime,Drama,Uluç Bayraktar,20,1
90,9/4/2009 0:00,Kanal D,2,Hanımın Çiftliği,Gold Film,Özgü Namal,Mehmet Aslantuğ,Caner Cindoruk,"Zülküf Yücel,",Faruk Teber,"Mazlum Çimen,Saki Çimen",Drama,Romantic,Faruk Turgut,20,1
90,8/25/2009 0:00,FOX,2,Ömre Bedel,Gold Film,Murat Han,Begüm Birgören,Mehmet Ali Nuroğlu,"Deniz Akçay,Onur Uğraş,Armağan Gülşahin",,,Drama,Romantic,Faruk Turgut,22,0
90,5/25/2009 0:00,Kanal D,2,Bir Bulut Olsam,Tims Productions,Melisa Sözen,Engin Akyurek,Engin Altan Düzyatan,"Meral Okay ,","Ulaş İnan İnanç ,","Aytekin Ataş ,",Drama,,Timur Savcı,21,0
90,1/1/2009 0:00,Show TV,2,Melekler Korusun,Tims Productions,Hümeyra Akbay,Avni Yalçin,Rojda Demirer,"Eylem Canpolat, Sema Ergenekon","Cevriye Demir, ",,Comedy,Drama,Timur Savcı,20,0
90,11/7/2008 0:00,atv,3,Adanalı,Kuzey Production,Mehmet Akif Alakurt,Oktay Kaynarca,Selin Demiratar,"Tayfun Güneyer ,","Tayfun Güneyer ,",,Action & Adventure,Crime,Tayfun Güneyer,20,0
30,10/2/2008 0:00,Turkmax,8,1 Kadın 1 Erkek,"Ortaks Yapim,Avanti Groupe",Emre Karayel,Demet Evgar,,"Guy A. Lepage , Meriç Acemi, Aysin Akbulut, Itir Arda, Evrim Aytas, Murat Disli, Ali Ercivan",Müge Turali,Cagri Ayyildiz,Comedy,Soap,Mehmet Altioklar,15,1
84,9/4/2008 0:00,Kanal D,2,Aşk-ı Memnu,Ay Yapım,Selçuk Yöntem,Nebahat Cehre,Beren Saat,"Ece Yörenç ,Melek Gençoglu ,","Hilal Saral ,","Toygar Işıklı ,",Drama,Romantic,Kerem Çatay,20,1
100,1/1/2008 0:00,Star TV,1,Son Bahar,Gold Film,Ahmet Mümtaz Taylan,Erkan Petekkaya,Ayça Varlıer,Melih Cam,Adnan Güler,Kıraç,Family,Drama,Faruk Turgut,,0
90,10/26/2007 0:00,Kanal D,2,Asi,aSis Yapım,Tuncel Kurtiz,Cemal Hünal,Tuba Büyüküstün,Sebnem Çitak,"Cevdet Mercan ,",Nail Yurtsever,Drama,Romantic,Tomris Giritlioglu,,0
80,9/2/2007 0:00,Show TV,2,Dudaktan Kalbe,Ay Yapım,Özge Özder,Aslı Tandoğan,Yiğit Özşener,"Ece Yörenç, Melek Gençoğlu","Andaç Haznedaroğlu,","Toygar Işıklı,",Drama,Romantic,Kerem Çatay,22,1
,6/2/2007 0:00,Show Tv,1,Hayat Apartmanı,Pastel Film,Ahmet Mümtaz Taylan,Köksal Çalık,Levent Ülgen,"Müfit Can Saçıntı , Yılmaz Okumuş , Caner Güler,","Hüdaverdi Yavuz , ",,Family,Comedy,Yaşar İlvur,,0
100,5/31/2007 0:00,Kanal D,5,Kavak Yelleri,Tims Productions,Aslı Enver,Daghan Kulegec,Ibrahim Kendirci,"Nükhet Bıçakçı ,Ekin Atalar ,Yılmaz Sahin ,","Taner Elhan ,",,Comedy,Drama,Timur Savcı,20,0
90,4/19/2007 0:00,Kanal D,10,Kurtlar Vadisi: Pusu,Pana Film,Muhammed Necati Şaşmaz,Kenan Çoban,Gürkan Uygun,,,"Gökhan Kırdar,",Action & Adventure,Drama,Raci Şaşmaz,20,0
90,11/7/2006 0:00,Kanal D,3,Binbir Gece,TMC,Halit Ergenç,Bergüzar Korel,Tardu Flordun,"Yıldız Tunç, Murat Lütfü, Mehmet Bilal, Ethem Yekta","Kudret Sabancı,",,Drama,Romantic,Erol Avcı,20,0
90,10/27/2006 0:00,atv,3,Hatırla Sevgili,aSis Yapım,Okan Yalabık,Cansel Elçin,Beren Saat,"Nilgün Öneş,",Ümmü Burhan,,Drama,History,Ilgaz Giritlioğlu,20,0
90,9/21/2006 0:00,atv,1,Ahh İstanbul,Gold Film,Tarık Akan,Suzan Aksoy,Ceyda Ateş,,Çağatay Tosun,Sezen Aksu,Drama,Family,Faruk Turgut,,0
90,9/15/2006 0:00,atv,3,Sıla,Fm Yapım,Fatoş Tez,Kartal Balaban,Hümeyra Akbay,"Muharrem Buhara,","Yasin Ünlü, ","Murat Tunali,Can Hatipoğlu",Drama,Mystery,Nezihe Dikilitaş,,0
130,8/1/2006 0:00,Kanal D,14,Arka Sokaklar,Erler Film,Özgür Ozan,Oya Okar,Alp Korkmaz,"Sinan Yurdakul ,Ahmet Yurdakul ,Ozan Yurdakul ,Ömer Genç ,","Orhan Oğuz ,","Murat Evgin ,",Action & Adventure,Drama,Türler İnanoğlu,20,0
75,1/1/2006 0:00,Show TV,2,Ezo Gelin,Pastel Film,Ahmet Mümtaz Taylan,Nurgül Yeşilçay,Erkan Sever,,"Onur Tan, ",,Drama,,,22.3,0
90,12/14/2005 0:00,Show TV,2,Aci hayat,Sinegraf,Kenan imirzalıoğlu,Selin Demiratar,Oğuz Galeli,"Aybars Bora, KahyaoğluSoner, Pehlivan, Tangül Sınav, İsa Yıldız",Abdülkadir Ceylan Ede,Aytuğ Yargıç,Action & Adventure,Drama,Osman Sınav,20,0
75,10/26/2005 0:00,Kanal D,2,Hırsız Polis,,Ozlem Duvencioglu,Timuçin Esen,Uğur Yücel,"Gaye Boralıoğlu, Emine Algan,",Türkan Derya Güven,,Drama,Action & Adventure,Erol Avcı,,0
60,9/11/2005 0:00,atv,1,Belalı Baldız,Med Yapım,Kenan Işık,Berna Laçin,Nurgül Yeşilçay,Haluk Özenç,"Fatih Aksoy, ",,Family,Comedy,Fatih Aksoy,,0
60,6/28/2005 0:00,atv,2,Aşk Oyunu,Med Yapım,Keremcem,Yasemin Ergene,Kuzey Vargın,"Baris Erdogan, Cem Görgeç,",Bülent İşbilen,,Drama,Romantic,Hakan Danış,,0
,2/23/2005 0:00,atv,1,Köpek,Sinema A.Ş.,Metin Cekmez,Pinar Tezcan,Erkan Petekkaya,Alican Yaraş,Cem Akyoldaş,Ali Otyam,Action & Adventure,Crime,Osman Yağmurdereli,21.45,0
75,9/3/2004 0:00,Kanal D,1,Çemberimde Gül Oya,Avşar Film,Selda Alkor,Özge Özberk,Mehmet Ali Nuroğlu,"Sertaç Ergin, Nihan Küçükural, Kerim Ceylan",Çağan Irmak,Kâmil Nizam Bigalı,Drama,Political,Şükrü Avşar,,0
60,6/19/2004 0:00,,1,Gece Yürüyüşü,Limon Film,Tarık Akan,Lale Mansur,Civan Canova,Oya Yüce,Mesude Erarslan,,Drama,,Cengiz Deveci,,0
90,2/11/2004 0:00,atv,6,Avrupa Yakası,Plato Film,Gazanfer Özcan,Gülse Birsel,Engin Günaydın,"Gülse Birsel ,","Jale Atabey Özberk ,","Cenk Durmazel ,Cenk Sarkuş ,",Family,Comedy,Gülse Birsel,20,0
75,9/18/2003 0:00,atv,2,Bir İstanbul Masalı,TMC,Ahu Türkpençe,Mehmet Aslantuğ,Çetin Tekindor,"Gaye Boralioglu ,Sertaç Ergin ,Gökhan Horzum ,Nese Sen ,","Ömür Atay ,","Kıraç ,",Drama,Romantic,Erol Avcı,20,0
90,1/15/2003 0:00,Kanal D,4,Kurtlar Vadisi,Pana Film,Muhammed Necati Şaşmaz,Özgü Namal,Kenan Çoban,"Ahmet Yurdakul, Raci Şaşmaz, Bahadır Özdener,","Osman Sınav,",Gökhan Kırdar,Action & Adventure,Drama,Osman Sınav,20,0
60,1/2/2003 0:00,Show TV,4,Hayat Bilgisi,,Perran Kutman,Tarık Papuççuoğlu,Kerem Kupacı,"Gani Müjde ,","Tarkan Karlidag ,","Temel Zümrüt,",Comedy,Drama,Ali Gündoğdu,20,0
90,9/26/2002 0:00,atv,2,Zerda,TMC,Hulya Sen,Ece Uslu,Yavuz Bingöl,"Gaye Boralıoğlu,Neşe Cehiz","Kudret Sabancı ,",Kıraç,Drama,Romantic,Erol Avcı,20.3,0
60,9/25/2002 0:00,TRT 1,1,Şeytan Ayrıntıda Gizlidir,Renkli Türkçe Film Yapım,Çetin Tekindor,Nejat İşler,Mete Horozoğlu,"Turgut Yasalar ,","Cevdet Mercan ,",,Crime,Mystery,,,1
45,3/7/2002 0:00,TRT 1,3,Koçum benim,Replik Film,Tarık Akan,Ebru Cündübeyoğlu,Engin Altan,Yonca Akasya,"Vecihi Ener, ",,Comedy,Family,Hüseyin Apaydın,,0
55,1/1/2002 0:00,Star TV,1,Efsane,Replik Film,Şemsi İnkaya,Tardu Flordun,Ayşe Tolga,"Tayfun Güneyer ,","Tunç Başaran ,",,Crime,Action & Adventure,,,0
45,1/1/2002 0:00,Kanal D,1,Biz Size Aşık Olduk,Most Production,Beyazıt Öztürk,Meltem Cumbul,İlker Aksum,"Selin Tunç ,Nilgün Önes ,","Türkan Derya ,",,Comedy,Drama,Mustafa Oğuz,,0
50,1/1/2002 0:00,Star TV,1,Beşik Kertmesi,,Meltem Cumbul,Olgun Şimşek,Erdal Özyağcılar,"Tayfun Güneyer,","Tayfun Güneyer,",,Comedy,Drama,Aslı Öyken Taylan,,0
75,1/1/2002 0:00,Star TV,5,En Son Babalar Duyar,MinT Production,Levent Ülgen,Hatice Aslan,Selahattin Taşdöğen,"Necmi Yapıcı, Murat Aras, Metin Açıkgöz,","Sibel Kocataş, ",,Family,Comedy,Birol Güven,,0
60,11/1/2001 0:00,Show TV,3,Tatlı Hayat,Med Yapım,Haluk Bilginer,Türkan Şoray,Asuman Dabak,"Bora Tekay ,Haluk Özenç ,","Bora Tekay ,",,Family,Comedy,Sibel Tuna,,1
60,5/24/2001 0:00,TRT 1,1,Yeditepe İstanbul,,Zuhal Olcay,Emre Kınay,Uğur Polat,"Ali Ulvi Hünkar,","Türkân Derya Güven,",Derya Köroğlu,Drama,Family,Kaan Erturan,,0
40,1/1/2001 0:00,Kanal D,1,Çifte Bela,,Mumtaz Sevinc,Nadide Sultan,Ayşe Tolga,,"Kasım Uçkan, ",,Comedy,Family,Aslı Öyken Taylan,,0
,1/1/2001 0:00,,1,Hırsız,,Betul Sahin,Mehmet Aslantuğ,Müjdat Gezen,"Yılmaz Okumuş , Fatih çöngevel,","Veli Çelik,","Burak Gülgen,",Drama,Action & Adventure,Tansu Şahin,,0
50,10/9/2000 0:00,TRT 1,2,Üzgünüm Leyla,,Perran Kutman,Selçuk Yöntem,Çetin Tekindor,"Gaye Boralıoğlu , Sertaç Ergin , Sertan Ergin,","Taner Akvardar , ",,Family,Drama,Sadık Deveci,15.3,0
40,8/12/2000 0:00,TRT 1,3,7 Numara,"TRT,Fora Film",Şebnem Sönmez,Engin Alkan,Volkan Girgin,"Ayça Mutlugil, Nuray Uslu","Sadullah Celen ,",,Comedy,Drama,Oya Yüce,,0
52,10/7/1999 0:00,Kanal D,3,Yılan Hikayesi,Yağmur Ajans,Meltem Cumbul,Mehmet Ali Alabora,Ayten Gökçer,Tayfun Güneyer,Nihat Durak,"Ali Oytam,",Drama,Comedy,Osman Yağmurdereli,21.3,0
55,9/15/1999 0:00,Show TV,6,Sıdıka,Limon Film,Feridun Koç,Açelya Akkoyun,Hasibe Eren,Atilla Atalay,"Mahire Ergun, ","Atilla Atalay,",Comedy,Family,Atilla Atalay,12.3,0
60,1/1/1999 0:00,atv,4,Deli Yürek,Sinegraf,Kenan İmirzalıoğlu,Zeynep Tokuş,Melda Bekcan,"Ömer Lütfi Mete, Raci Şaşmaz, Bahadır Özdener, Güliz Kucur,","Osman Sınav,","Bora Ebeoğlu, Cengiz Onural,",Drama,Action & Adventure,Mustafa Şevki Doğan,21,0
50,1/1/1999 0:00,TGRT,1,Aşkın Dağlarda Gezer,,Ayşe Tolga,Özcan Deniz,Şevval Sam,"Ahmet Yurdakul ,","Zeliha Deniz Ergin, ","Ali Oytam,",Drama,Action & Adventure,Mahmut Yılmaz,,0
45,10/29/1998 0:00,atv,3,İkinci Bahar,Erler Film,Şener Şen,Türkan Şoray,Nurgül Yeşilçay,"Sulhi Dölek,","Uğur Yücel, ",,Drama,Family,Mustafa Oğuz,16.45,0
45,7/4/1998 0:00,Kanal D,5,Ruhsar,ANS Production,Mihrace Yeken,Güneş Berberoğlu,Günyol Bakoğlu,"Gani Müjde, Fatih Solmaz","Ümmü Burhan, ",,Comedy,Sci-Fi & Fantasy,Abdullah Oğuz,18.3,0
45,1/1/1998 0:00,atv,1,Affet Bizi Hocam,Erler Film,Özgü Namal,Şevket Çoruh,Ceyda Düvenci,"Safa Önal ,","Halit Refiğ ,",,Drama,Family,Yılmaz Emekçi,,0
65,9/15/1997 0:00,atv,3,Sıcak Saatler,"Sinegraf,Detay Film",Kenan Işık,Mehmet Aslantuğ,Arzum Onan,"Ahmet Yurdakul ,","Osman Sınav,","Bora Ebeoğlu, Cengiz Onural, Oya Ebeoğlu,",Action & Adventure,Drama,"Osman Sınav,",20,0
120,9/8/2019,Show TV,1,Aşk Ağlatır,MF Yapım,Deniz Can Aktaş,Hafsanur Sancaktutan,Yağız Can Konyalı,"Yelda Eroğlu,Yeşim Çıtak",Gökçen Usta,"Metin Arıgül, Ender Gündüzlü",Drama,Romantic,Faruk Bayhan,20,1
130,3/9/2019,FOX,2,Bir Aile Hikayesi,Med Yapım,Songül Öden,Birkan Sokullu,Celil Nalçakan,Deniz Madanoğlu,Merve Girgin Aytekin,Cem Öget,Drama,Family,Fatih Aksoy,20,1
120,11/22/2019,FOX,1,Ferhat ile Şirin,"O3 Medya,Artistanbul",Cansu Dere,Tolga Sarıtaş,Leyla Tanlar,Savaş Korkmaz,Mehmet Ada Öztekin,Hasan Özsüt,Drama,Romantic,"Saner Ayar,Ömer Durak,Mine Yilmaz,Cengiz Çagatay",20,1
120,9/14/2019,Show TV,1,Gülperi,"Tims Productions,Bi Yapım",Nurgül Yeşilçay,Timuçin Esen,Tarık Papuçcuoğlu,"Sema Ergenekon,Eylem Canpolat",Metin Balekoğlu,Cem Öget,Drama,Family,"Timur Savcı,Burak Sağyaşar",20,0
120,6/14/2019,FOX,1,Her Yerde Sen,"	Karga Seven Pictures",Furkan Andıç,Aybüke Pusat,Ali Yağcı,"	Deniz Yeşilgün,Esra Çetek Yılmazer",Ender Mıhlar,Zeynep Bastık,Comedy,Romantic,"Ömer Özgüner,Ümmü Burhan",20,0
120,3/5/2019,Kanal D,1,Yüzleşme,T Company,Uğur Yücel,Hande Doğandemir,Engin Öztürk,"Altuğ Küçük,İsa Yıldız,Pelin Karamehmetoğlu,Beril Köse","Ömer Faruk Sorak,","Ajlan Akyüz,Kivanç Sarıkuş,Mert Tünay",Drama,Romantic,Bülent Turgut,20,0
120,3/19/2018,atv,1,8. Gün,"	Ay Yapım",Burcu Biricik,Musa Uzunlar,Buğra Gülsoy,"Savaş Korkmaz,Seda Çalışır,Toprak Karaoğlu","Çağrı Vila Lostuvalı,",Toygar Işıklı,Drama,Action & Adventure,"Kerem Çatay,Seda Çiftçi,Pelin Distas Yasaroglu,Ali Demir",20,0
120,10/8/2018,atv,1,Can Kırıkları,NTC Medya,Hande Doğandemir,Funda Eryiğit,Seçkin Özdemir,"Gül Gürsoy,Gülsev Karagöz,Zafer Özer Çetinel",Serkan Birinci,Alp Yenier,Drama,Action & Adventure,Mehmet Yiğit Alp,20,0
60,1/1/2018,Kanal D,1,Hıçkırık ,"	Birsel Yapım",Sezgi Sena Akay,Barış Arda Hacıoğlu,Nurseli İdiz,Nil Fırat,"Fırat Gürsoy,",Osman İşmen,Drama,Romantic,"Sevgi Birsel,Sinan Akad",14.15,0
120,6/30/2017,Show TV,1,Kalp Atışı,"	MF Yapım",Gökhan Alkan,Öykü Karayel,Ege Kökenli,"	Makbule Kosif,Eda Tezcan,Gülsev Karagöz,Zafer Özer Çetinel,Melis Veziroğlu Yılmaz,Merve cagiran",Yusuf Pirhasan,"Jingletv,Batuhan Firat",Drama,Comedy,Faruk Bayhan,20,1
140,8/18/2017,Kanal D,1,Bodrum Masalı,TMC,Timuçin Esen,Şevval Sam,Murat Aygen,"Başar Başaran,Emre Özdür",Mehmet Ada Öztekin,Cem Özkan,Romantic,Drama,Erol Avcı,20,0
120,3/28/2017,Kanal D,1,Kara Yazı,Dark Story,Haluk Bilginer,Emre Kınay,"
Ushan Çakır","Sema Ergenekon,Eylem Canpolat",Neslihan Yeşilyurt,"Onur Tarçın,Cem Yildiz",Drama,Family,"Sema Ergenekon,Eylem Canpolat",20,0
120,11/3/2016,FOX,1,Umuda Kelepçe Vurulmaz,Bi Yapım,"	Begüm Birgören",Özge Özder,Mert Yazıcıoğlu,"Yekta Torun,Duygu Tankaş,Hilal Yıldız",Cemal Şan,"Atakan Ilgazdağ,Özlem Tekin",Drama,,"	Burak Sağyaşar",20,0
120,2/17/2016,atv,1,Aile İşi,NTC Medya,Ufuk Özkan,Pelin Akil,Hasibe Eren,"Özgür Evren Heptürk,Ferhat Ergün",Jale Atabey,"Can Bonomo,Can Saban,Ali Rıza Şahenk",Comedy,Drama,"	Mehmet Yiğit Alp",20,0
120,12/6/2015,Kanal D,1,Hayat Mucizelere Gebe,Med Yapım,Damla Colbay,Hande Ataizi,Yiğit Dikmen,Meryem Gür,Kerem Altuğ,"Gürkan Kömürcü,Targan Berk Türe",Romantic,Comedy,Fatih Aksoy,20,1
120,7/2/2015,FOX,1,İnadına Aşk,Sinegraf,Açelya Topaloğlu,Can Yaman,Nilay Duru,"Nehir Erdem,Ayse Ferda Eryilmaz,Asli Gönülay",Osman Sınav,Gökhan Türkmen,Romantic,Comedy,Osman Sinav,20,0
140,4/26/2016,Show TV,1,İstanbul Sokakları,Gold Film,Caner Cindoruk,Gizem Karaca,Rıza Kocaoğlu,"Zülfük Yücel,Zehra Yücel",Adnan Güler,İstanbul Scoring Team,Drama,Action & Adventure,Faruk Turgut,20,0
120,3/18/2016,atv,1,Kehribar,Süreç Film,Gürkan Uygun,Necip Memili,Ayça Varlıer,"Sinan Tuzcu,Ali Aydın",Yıldız Hülya Bilban,Kıraç,Drama,Action & Adventure,Ali Gündoğdu,20,0
120,10/25/2014,atv,3,Kertenkele,Yapım Atölyesi,Timur Acar,Sera Tokdemir,Fatih Doğan,"	Hakan Kandal",Kartal Çidamlı ,"Önder Samet Kök,Mustafa Yazıcıoğlu, Mustafa Ceceli",Comedy,Action & Adventure,"	Yalçın Şen",20,0
90,10/22/2015,atv,1,Analar ve Anneler,Ay Yapım,Hazal Ergüçlü,Binnur Kaya,Okan Yalabık,Berkun Oya,Mehmet Ada Öztekin,Toygar Işıklı,Drama,Family,Kerem Çatay,20,0
100,9/19/2013,Star TV,2,Aramızda Kalsın,TMC,Uğur Yücel,Binnur Kaya,Cengiz Bozkurt,"Ceylan Güleç,Selin Tunç",Hatice Memiş,Aytuğ Yargıç,Family,Comedy,Erol Avcı,20,0
120,6/24/2015,Kanal D,1,Kalbim Ege'de Kaldı,Limon Film,Alper Saldıran,Oya Unustası,Serhat Özcan,"	Gül Abus Semerci",Ömer Uğur,Sezen Aksu,Romantic,Comedy,Hayri Aslan,20,0
135,7/3/2014,FOX,2,Kocamın Ailesi,Mia Yapım,Seray Kaya,Gökhan Alkan,Yeliz Kuvancı,"        Nuray Uslu,Verda Pars,Şeyda Delibaşı",Kemal Uzun,Cem Özkan,Family,Comedy,Banu Akdeniz,20,1
100,1/28/2014,Kanal D,2,Küçük Ağa,Erler Film,Birce Akalay,Sarp Levendoğlu,Zafer Algöz,"Ahmet Yurdakul,Sinan Yurdakul,Ozan Yurdakul",,Aysun Akyüz,Family,Comedy,Türker İnanoğlu,20,0
100,12/4/2014,Show TV,1,Roman Havası,Erler Film,Oya Başar,Levent Ülgen,Petek Dinçöz,"Fethi Kantarcı, Barkın Şenüren, Saygın Delibaş ,Gülşen Okumuş",Hakan Arslan,,Comedy,Family,Türker İnanoğlu,21.45,0
120,3/5/2015,Star TV,1,Serçe Sarayı,"Endemol Türkiye,Bazıfilmler",Songül Öden,Mert Fırat,Alican Yücesoy,"Mustafa Mutlu,Arzu Daştan Mutlu,Nuriye Bilici,Rodi Güven Yalçınkaya,Şebnem Çıtlak",Mesude Erarslan Tekin,"Ali Erkin Çakmak,Murat Tükenmez",Drama,Family,"Kemal Kurçer,Gökhan Tatarer,Soysal Demir,Hakan Eren",20,0
90,8/17/2015,FOX,1,Şehrin Melekleri,Boyut Film,Ümit Kantarcılar,Yiğit Dikmen,Cenk Ertan,Alphan Dikmen,Ilgaz Giritlioğlu,Tamer Ciray,Drama,Action & Adventure,"Salih Karaman,Murat Tokat",20,0
100,10/26/2014,TRT 1,1,Şimdi Onlar Düşünsün,Medyalab Yapım,Şafak Sezer,Açalya Samyeli Danoğlu,Gökçe Özyol,"Oktay Berber,Ömer Pınar",Süleyman Seçik,Cem Erman,Comedy,Romantic,Çağrı Gedikoğlu,20,0
110,8/27/2014,Show TV,2,Yılanların Öcü,Koliba Film,Cemal Toktaş,Hande Soral,Ahmet Varlı,"Makbule Kosif,Eda Tezcan",Cemal Şan,"Kalan Müzik,Hasan Saltık",Drama,,"	Ata Türkoğlu",20,1
110,8/30/2012,TRT 1,4,Zengin Kız Fakir Oğlan,MinT Production,Hüseyin Avni Danyal,Ayda Aksel,Ufuk Özkan,"Birol Güven,Yaşar Arak,Caner Güler",Hasan Tolga Pulat,Aydın Sarman,Family,Comedy,"	Birol Güven",20,0
70,3/21/2013,Kanal D,3,Galip Derviş,Barakuda Film,Engin Günaydın,Algı Eke,Ersin Korkut,"	Andy Breckman",Barış Pirhasan,Tolga Çebi,Crime,Comedy,"Ahmet Kayımtu,Mahmut Kayımtu",20,1
100,12/8/2013,Show TV,1,Aşk Ekmek Hayaller,ANS Production,Müjde Ar,Sinan Tuzcu,Berna Laçin,,Abdullah Oğuz,,Drama,Romantic,"	Abdullah Oğuz",20,1
110,9/3/2014,Kanal D,1,Benim Adım Gültepe,D Productions,Mete Horozoğlu,Ayça Bingöl,İlker Kızmaz,Vural Yaşaroğlu,Zeynep Günay Tan,Uğur Akyürek,Drama,History,E. Ayşe Durmaz,20,0
90,7/1/2013,Star TV,1,Benim Hala Umudum Var,Gold Film,Gizem Karaca,Berk Oktay,Şükrü Özyıldız,Deniz Akçay,Nisan Akman,Alp Yenier,Romantic,Drama,Faruk Turgut,21,0
110,2/27/2014,Kanal D,1,Boynu Bükükler,Barakuda Film,Sedef Avcı,Ahmet Saraçoğlu,Murat Akkoyunlu,Cüneyt İnay,Ömer Uğur,"Sertaç Özgümüş,Selim Siyami Sümer",Comedy,,"Ahmet Kayımtu,Mahmut Kayımtu",20,0
90,9/14/2012,Star TV,2,Dila Hanım,Gold Film,Erkan Petekkaya,Hatice Şendil,Mahir Günşiray,Zülkuf Yücel,Onur Tan,"Cahit Berkay,Mazlum Çimen,Erdem Dogan,Gürsoy Tanç",Romantic,Drama,Faruk Turgut,20,1
120,6/26/2013,atv,1,Doksanlar,MinT Production,Sinem Yener Ekşioğlu,Renan Bilek,Gamze Gözalan,"Birol Güven,Emre Kavuk,Sinan Biçici,Evrim Aytaş",Müfit Can Saçıntı,"Burcu Güven,Aydın Sarman",Comedy,History,Birol Güven,20,0
90,3/22/2014,FOX,1,Düşler ve Umutlar,Limon Film,Berkehan Tüter,Mustafa Uğurlu ,Çağdaş Onur Öztürk,Oya Yüce,Serpil Kurtça,Tamer Çıray,Drama,Family,Hayri Aslan,20,0
120,8/31/2013,FOX,2,Fatih Harbiye,Koliba Film,Kadir Doğulu,Neslihan Atagül,Yunus Emre Yıldırımer,Hayriye Ersöz,Sadullah Celen,"Emre Dündar,Murat Uncuoglu,Cem Yildiz",Drama,Romantic,Ata Türkoğlu,20,1
100,2/3/2014,Show TV,1,Her Sevda Bir Veda,C Yapım,Nik Xhelilaj,"Elif Atakan",Devrim Evin,"Gökhan Horzum,Murat Koca",Dilek Keser,Alpay Göltekin,Romantic,Drama,"Seyhan Kaya,Birol Akbaba",20,0
90,9/7/2012,atv,2,Huzur Sokağı,"Set Film,atv",Selin Demiratar,Kutsi,Güven Hokna,"Selçuk Akman	,Hasan Burak Kayaci,Ayça Mutlugil,Sule Yüksel Senler,Eda Tezcan	,Alev Toprakoglu Uzma	,Kubilay Zerener	,Hale Çalap,Funda Çetin",Senol Sönmez,,Drama,Romantic,"Cem Akyoldas,Erdogan Sevinç,Osman Enes Yakut",20,1
100,9/13/2013,Kanal D,1,Kayıp,D Productions,Mete Horozoğlu,Aslı Enver,İlker Kaleli,Elif Usman,Zeynep Günay Tan,Gökhan Kırdar,Drama,Family,Ayşe Durmaz,20,0
95,2/13/2013,Kanal D,2,Merhamet,Most Production,Özgü Namal,İbrahim Çelikkol,Mustafa Üstündağ,Mahinur Ergun,Çağatay Tosun,Ferhat Livaneli,Drama,Romantic,Gül Oğuz,20,1
80,6/17/2009,atv,1,Altın Kızlar,Play Prodüksiyon,Hülya Koçyiğit,Türkân Şoray,Fatma Girik,"Şebnem Çıtak, Feride Çiçekoğlu,","Levent Demirkale,","Mehmet Can Erdogan, Okan Samil",Comedy,,"Armağan Çağlayan,",20,1
90,3/30/2008,atv,3,Benim Annem Bir Melek,BKM Film,Oya Başar,Tarık Ünlüoğlu,Dolunay Soysert,Vasıf Küçükoruç,Hakan Algül,Targan Türe,Comedy,Family,"Elif Yakarçelik,",20,0
90,9/4/2007,FOX,3,Bez Bebek,Focus Film,Evrim Akın,Tan Sağtürk,Alpay Atalan,"Nilbanu Engindeniz,","Serpil Kurtça,","Cenk Durmazel, Cenk Sarkuş,",Kids,Comedy,Nilgün Sağyaşar,20,0
90,11/18/2008,atv,2,Canım Ailem,TMC,Uğur Yücel,Ozan Güven,Şebnem Bozoklu,"Selin Tunç, Nihat Emültay, Ceylan Güleç, Ayhan Sonyürek,","Sadullah Celen,","Deniz Tuzcuoglu,Targan Berk Türe",Family,Comedy,Erol Avcı,20,0
90,9/17/2010,,1,Deli Saraylı,Süreç Film,Perran Kutman,Çetin Tekindor,Köksal Engür,"Gökhan Karagülle,","Gani Müjde, ",,Comedy,History,Ali Gündoğdu,20,0
90,9/13/2006,Kanal D,5,Yaprak Dökümü,Ay Yapım,Halil Ergün,Güven Hokna,Bennu Yıldırımlar,"Ece Yörenç,","Mesude Erarslan,","Toygar Işıklı,",Drama,Family,Kerem Çatay,20,1
90,12/23/2009,Star TV,1,Makber,Pana Film,Seda Bakan,Devrim Nas,Gamze Karaman,"Şebnem Askoy, Ozan Aksungur, Umut Açıkalın,","Kemal Uzuni,","Cem Erman,",Drama,Romantic,Raci Şaşmaz,20,0
90,12/13/2007,atv,3,Parmaklıklar Ardında,Play Prodüksiyon,Selda Alkor,Serra Yılmaz,Yelda Reynaud,"Feride Çiçekoğlu, Şebnem Çıtak,","Hakan Gürtop, ","Kerem Güney,",Crime,Drama,"Ayşe Durukan, Uğur Başaran,",20,1
90,7/5/2010,atv,2,Şen Yuva,BKM,Ceyda Düvenci,Levent Üzümcü,Ayşegül Atik,"Emrah Serbes, Emrah Sinanoğlu,","Hakan Algül,",,Comedy,Family,"Necati Akpınar,",20,0
90,7/8/2009,Kanal D,3,Geniş Aile,D Productions,Ufuk Özkan,Fırat Tanış,Rasim Öztekin,"Cüneyt İnay,","Ömer Uğur,","Gripin,",Comedy,Family,"Ahmet Kayumtu, Lale Eren,",20,0
90,7/14/2010,Kanal D,2,Küçük Sırlar,Tims Productions,Sinem Kobal,Burak Özçivit,Merve Boluğur,"Nukret Bıçakçı, Aylin Alıveren,","Cevriye Demir,","Teoman,",Drama,,"Timur Savcı,",20,0
90,3/15/2010,Show Tv,2,Türk Malı,Kuzey Production,Şafak Sezer,Binnur Kaya,Hazal Şenel,"Tayfun Güneyer,","Tayfun Güneyer,","Gokdeniz Karayaka, Rapozof,",Comedy,,"Ali Gündoğdu, Mehmet Yiğit Alp,",20,0
90,6/10/2008,Kanal D,3,Küçük Kadınlar,D Productions,Özge Borak,Hande Soral,Fulya Zenginer,"Deniz Akçay,","Hakan Arslan,","Kıraç, Cem Yıldız,",Drama,,"Ayşe Durmaz,",20,1
90,9/30/2011,TNT,1,Dedektif Memoli,Süreç Film,Emre Kızılırmak,Burcu Esmersoy,Özlem Yılmaz,Tayfun Güneyer,Tayfun Güneyer,Ali Otyam,Action,Crime,Ali Gündoğdu,20,0
100,2/9/2011,FOX,2,Canan,Koliba Film,Gamze Özçelik,Özlem Conker,Erdinç Gülener,"Orçun Okşan, Mert Meriçli, Nilüfer Zeynep Özçelik, Yelda Eroğlu,",Bahadır İnce,Nail Yurtsever,Drama,,Ata Türkoğlu,20,0
90,7/11/2011,atv,1,Kurşun Bilal,J Plan,Gökhan Mumcu,Arda Kural,Leyla Göksun,Hasan Karacadağ,Hasan Karacadağ,Alpay Göltekin,Drama,Action,Hasan Karacadağ,20,0
90,2/26/2011,Star TV,1,İzmir Çetesi,Pastel Film,Kadir İnanır,Kenan Ece,Mustafa Üstündağ,Alican Yaraş,Murat Şeker,"Ceyda Pirali,",Comedy,,Yaşar İrvül,20,0
90,8/8/2011,TRT 1,2,Yamak Ahmet,Okur film,Ferit Aktuğ,Kemal Uçar,Başak Parlak,"Tanıl Arayancan, Tufan Gündüz, Aslı Alabaz Pehlivan, Ramazan Demirli, Eda Tezcan,",Tuba German,,History,Drama,Ahmet Okur,20,0
90,2/6/2010,atv,2,Gönülçelen ,aSis Yapım,Tuba Büyüküstün,Cansel Elçin,Onur Saylak,"Gül Dirican, Sertaç Ergin, Ali Demir, Muharrem Buhara,","Cevdet Mercan, ",,Comedy,Drama,Tomris Giritlioğlu,20,0
90,1/6/2009,Star TV,4,Papatyam,MinT Production,Metin Akpınar,Nilgün Kasapbaşoğlu,Deniz Oral,Murat Aras,Bora Tekay,Aydin Sarman,Comedy,Family,Birol Güven,20,0
95,1/1/2010,atv,1,Bitmeyen Şarkı,Gold Film,Bergüzar Korel,Bülent İnal,Tuncer Salman,"Deniz Akcay Katiksiz, Özen Rodop,  Onur Ugras,","Sadullah Celrn, ",Febyo Tasel,Drama,Romantic,Faruk Turgut,20,0
90,7/1/2009,atv,2,Unutulmaz,Stil Medya,Serhan Yavaş,Sinem Öztufan,Özlem Yılmaz,"Haldun Ünsal, İhsan Aydın,","Ersoy güler, ",Halil Kurt,Drama,,Ahmet Bayram,20,0
80,10/19/2011,TRT 1 ,1,Mavi Kelebekler,Sinevizyon,Alma Terzic,Burak Hakkı,Oya Okar,Ümit Demiray,Metin Balekoğlu,Kıraç,Drama,War & Politics,Rezzan Diniz,20,0
120,12/10/2011,Kanal D,1,Keşanlı Ali Destanı,D Productions,Nejat İşler,Belçim Bilgin,,"Özen Yula, Zeynep Özlem Havuzlu, Hale Akınlı,",Çağan Irmak,"Aria, Bora Ebeoğlu, Cengiz Onural, Cenk Erdoğan, Ceyda Pirali, Yalçın Tura,",Drama ,War & Politics,Emel S. Aksoy,20,1
90,7/14/2008,Kanal D,5,Akasya Durağı,Erler Film,Zeki Alasya,Cezmi Baskın,Levent Ülgen,Resul Ertaş,"Yaşar Seriner, ",Aria,Comedy,Family,Türker İnanoğlu,20,0
90,9/27/2012,Kanal D,1,Veda,Med Yapım,Mehmet Aslantuğ,Fahriye Evcen,Maral Üner,Sündüz Haşar,Merve Girgin,Zülfü Livaneli,Drama,History,Fatih Aksoy,20,0
120,4/13/2013,TRT 1,2,Osmanlı Tokadı,Duka Film,Uğur Çavuşoğlu,Alper Kul,İsmail Hacıoğlu,"Resul Ertas,Necati Sahin",Mustafa Sevki Dogan,"Engin Arslan,Mayki Murat Basaran",Comedy,,"Inci Gulen,Ozkan Ipek,Sevda Kaygisiz",20,0
120,10/25/2011,Show TV,3,Pis Yedili,Tükenmezkalem Film,Ayşegül Aldinç,Turan Özdemir,Kadir Dogulu,"Tufan Karaköse,Gani Müjde","Asli Atakuru,","Tamer Ciray,Murat Özdemir",Comedy,,Selim Aydogdu,20,0
90,7/8/2014,FOX,1,Ruhumun Aynası,Bando Yapım,Tuba Ünsal,Filiz Ahmet,Özgürcan Çevik,Zehra Çelenk,Bülent İşbilen,"Mehmet Andiçen,Baris Aryay",Comedy,Family,"Müge Turalı,Mehmet N. Karaca",20,0
100,4/26/2014,atv,2,Tatar Ramazan,TMC,Bülent İnal,Burak Yamantürk,Burcu Kara,Can Sinan,Cevdet Mercan,Erol Mutlu,Drama,Crime,Erol Avcı,22.15,1
90,10/2/2011,Kanal D,3,Umutsuz Ev Kadınları,"Med Yapım,Abc Studios",Songül Öden,Bennu Yıldırımlar,Ceyda Düvenci,"Meryem Gür,Gül Gürsoy,Yelda Eroğlu",Özlem Bayşu Ünlü,"Ayşe Önder,Ümit Önder",Comedy,Crime,Fatih Aksoy,20,1
100,2/5/2014,Kanal D,1,Zeytin Tepesi,MF Yapım,Aslıhan Gürbüz,Tayanç Ayaydın,Salih Bademci,"Gülnaz Yöş Saraçoğlu,Güneş Saraçoğlu",Barış Yöş,Erik Satie,Drama,Romantic,Fatih Aksoy,20,1
90,7/4/2013,atv,1,Aldırma Gönül,BKM,Şahin Irmak,Tülin Özen,Nadir Sarıbacak,"Meriç Demiray,Barış Erdoğan,Cenk Boğatur,Cem Görgeç",Hakan Algül,,Comedy,sit-com,Necati Akpınar,20,1
90,9/16/2011,atv,2,Alemin Kralı,Süreç Film,Oya Başar,Şafak Sezer,Evrim Akın,"Kemal Kenan Ergen,Kamuran Süner",Derya Yaruç,Günay Uysal,Comedy,sit-com,"Ali Gündoğdu,İnci Gündoğdu",20,0
100,9/25/2011,TRT 1,3,Avrupa Avrupa,Mia Yapım,Tarık Papuççuoğlu,Selen Seyven,Burak Serdar Şanal,"Fethi Kantarcı,Saygın Delibaş,Barkın Şenüren",Şafak Bal,"Alper Atakan,Mehmet Erdem",sit-com,Comedy,Banu Akdeniz,20,0
90,2/27/2003,Kanal D,7,Sihirli Annem,Süreç Film,İnci Türkay,Şahap Sayılgan,Nevra Serezli,Gamze Özer,"Kartal Çidamlı, ",Yongün Keymen,Sci-Fi & Fantasy,,İnci Kırhan Gündoğdu,20,0
90,5/28/2012,Kanal D,1,Sultan,İstanbul Mass Media,Nurgül Yeşilçay,Şahin Irmak,Merve Altınkaya,"Yıldız Bayazıt, Seray Şahiner,","Azime Kanal, ","
Cem Erman",Drama,Comedy,Cengiz Keten,20,0
90,8/26/2012,kanal D,1,Kötü Yol,Gold Film,Cansel Elçin,Şükran Ovalı,İlker Aksum,"Hürer Ebeoglu, Zülküf Yücel,",Nisan Akman,Mazlum Çimen,Drama,,Faruk Turgut,20,1
75,2/7/2012,TRT 1,1,Kurt Kanunu,Pana Film,Ümit Acar,Ali Başar,Pelin Akil,"Selma Çergel, Ayşegül Hacıosmanoğlu, Mediha Polat,","Yasin Uslu,",İskender Paydaş,Action & Adventure,,Bahadır Özdener,20,1
60,9/12/2011,atv,1,Al Yazmalım,Ay Yapım,Seçkin Özdemir,Özge Özpirinçci,Barış Falay,Mahinur Ergun,Nisan Akman,Toygar Işıklı,Drama,Romantic,Kerem Çatay,20,0
100,4/9/2013,Show TV,1,Her Şey Yolunda,Limon Film,İpek Tuzcuoğlu,Bülent Alkış,Aslıhan Güner,Caner Güler,Ömer Uğur,,Romantic,Comedy,Hayri Aslan,20,0
90,9/14/2012,Kanal D,1,Kayıp Şehir,D Productions,Gökçe Bahadır,Nik Xhelilaj,İlker Kaleli,"Yıldırım Türker,Murat Uyurkulak,Seray Şahiner,Tuğrul Eryılmaz,Yelda Eroğlu",Cevdet Mercan,Sezen Aksu,Drama,Family,E. Ayşe Durmaz,20,0
90,9/7/2011,Kanal D,2,Kuzey Güney,Ay Yapım,Kıvanç Tatlıtuğ,Öykü Karayel ,Buğra Gülsoy,"Ece Yörenç,Melek Gençoğlu","Hilal Saral
",Toygar Işıklı,Drama,Action & Adventure,Kerem Çatay,20,0
90,10/9/2012,FOX,1,Merhaba Hayat,Medyapım,Vahide Perçin,Yetkin Dikinciler,Keremcem,Deniz Büyükkirli,Hülya Bilban,"Ercüment Orkut,Mehmet Cem Tuncer,Nail Yurtsever",Drama,Medical,Fatih Aksoy,20,1
90,8/9/2010,FOX,3,Yer Gök Aşk,Avşar Film,Birce Akalay,Murat Ünalmış,Burak Hakkı,"Sema Ergenekon,Eylem Canpolat,Berfu Soner",Canan Çelik,Aytekin Ataş,Drama,Romantic,"	Şükrü Avşar",20,1
90,2/2/2013,atv,1,Bizim Okul,Erler Film,Zeki Alasya,Cezmi Baskın,Levent Ülgen,Resul Ertaş,Yaşar Seriner,Murat Evgin,Comedy,,"	Türker İnanoğlu",20,0
100,9/30/2013,Kanal D,1,Fatih,Med Yapım,Mehmet Akif Alakurt,Gamze Özçelik,Seda Akman,"Pınar Uysal,Funda Çetin","Merve Girgin,",Firat Yukselir,Drama,History,Fatih Aksoy,20,0
90,7/1/2013,Kanal D,1,Güzel Çirkin,Erler Film,Naz Elmas,Ali Sunal,Cahit Gök,Rüya İşçileri,Kemal Uzun,,Crime,Comedy,İlker İnanoğlu,20,0
90,9/30/2012,FOX,1,Harem,Tükenmezkalem Film,Levent Üzümcü,Nurseli İdiz,Belma Canciğer,Gani Müjde,Süleyman Seçik,,sit-com,Comedy,Gani Müjde,20,0
80,3/12/2012,TRT 1,2,Bir Zamanlar Osmanlı,Herşey Film,Türkân Şoray,Özcan Deniz,Tolga Karel,"Ertan Kurtulan,Hilal Yıldız,Gürsel Korat,Abdullah Akın",Altan Dönmez,Alpay Göltekin,History,Drama,Burhan Özkan,20,0
90,9/28/2012,FOX,1,Esir Şehrin Gözyaşları,"	Koliba Film",Yiğit Özşener,Sedef Avcı,Fırat Doğruloğlu,Sevgi Yılmaz,Mehmet Çağatay Tosun,,Drama,Romantic,"	Ata Türkoğlu",20,0
90,3/9/2012,Show TV,2,Eve Düşen Yıldırım,Med Yapım,Murat Han,Gizem Karaca,Seda Akman,"	Meryem Gül",Feride Kaytan,"Ercüment Orkut,Mehmet Cem Tuncer",Drama,Romantic,Fatih Aksoy,22.3,1
90,3/25/2011,atv,1,Tövbeler Tövbesi,Limon Film,"	Tuba Ünsal",Cemal Toktaş,Keremcem,"Zülküf Yücel,Hürer Ebeoğlu",Aydın Bulut,Tamer Ciray,Drama,Romantic,Hayri Aslan,20,0
100,12/28/2006,Show TV,4,Doktorlar,Med Yapım,Kutsi,Yasemin Ergene,Leyla Göksun,"Ebru Hacioglu,Hande Turel",Merve Girgin,Arikan Sirakaya,Drama,Medical,Fatih Aksoy,20,1
90,9/16/2011,atv,2,Alemin Kıralı,Süreç Film,Oya Başar,Şafak Sezer,Evrim Akın,"Kemal Kenan Ergen, Kamuran Süner,","Derya Yaruç, ","Kadıköy Acil, Sancak, Rapozof,",Comedy,sit-com,"Ali Gündoğdu, İnci Gündoğdu,",20,0
90,8/10/2011,atv,1,Aşağı Yukarı Yemişlililer,BKM Mutfak,Şahin Irmak,Bülent Emrah Parlak,Murat Eken,"Gülhan Tekin, Şahin Irmak, Bülent Emrah Parlak, Murat Eken, Büşra Pekin,",Şahin Altuğ,,Comedy,,Şahin Altuğ,20,0
100,8/20/2010,Star TV,1,Umut Yolcuları,Erler Film,Zuhal Olcay,Yetkin Dikinciler,Haluk Piyes,Ahmet Yurdakul,Ümmü Burhan,Murat Evgin,Crime,,Türker İnanoğlu,20,0
90,8/8/2008,atv,2,Doludizgin Yıllar,Sinegraf,Yusuf Ömer Sınav,Selen Seyven,Arda Kural,"Yigit Güralp, Aybars Bora Kahyaoglu,",Osman Sinav,Cem Erman,Drama,,Osman Sınav,20,0
100,8/30/2007,Kanal D,2,Annem,Gold Film,Vahide Perçin,Duygu Yetiş,Talat Bulut,Gamze Özer,Faruk Teber,Kıraç,Drama,,Faruk Turgut,20,0
90,5/26/2008,Star TV,1,Baba Ocağı,Sinetel Film,Engin Şenkan,Ali Sürmeli,Ali İpin,"H. Baykut Badem, Arzu Birol, Filiz Ekinci, Emin Gürsoy,",Mustafa Şevki Doğan,Aytekin Ataş,Comedy,Family,İbrahim Mertoğlu,20,0
90,9/20/2007,atv,3,Elveda Rumeli,Adam Film,Erdal Özyağcılar,Şebnem Sönmez,Gülçin Santırcıoğlu,Alican Yaraş,Serdar Akar,Ayşe Önder,Drama,History,Tarkan Karlıdağ,20,0
90,2/14/2000,TRT 1,9,Bizim Evin Halleri,Focus Film,Beyhan Saran,Meral Niron,Emel Göksu,"Tolga Aydoğan, Erkan Birgören, Ayşem Özge Yoldaş, Aynur Ulusoy,","Tülay Eratalay, ",,Family,Comedy,"Osman Baş, Nilgün Sağyaşar, Erol Uyanık, Adil Daldal,",20,0
90,9/14/2009,Star TV,1,Kül ve Ateş,Asis Film,Serhat Tutumluer,Başak Köklükaya,Hakan Balamir,"Hale Çalap Demiray, Feza Doğru, Rüya İşçileri, Ayhan Sonyürek,",Cemile Kırmızı Karadaş,,Drama,,"Ilgaz Giritlioglu, Bahadir Atay,",20,0
90,7/18/2008,TRT 1,1,Mert ile Gert,Plato Film Production,Emre Altuğ,Ragga Oktay,Begüm Birgören,"Mahinur Ergun, Kubilay Tunçer,",Hakan Algün,,Comedy,,Snian Çetin,20,0
90,9/10/2006,atv,3,Selena,Süreç Film,Sinem Kobal,Gökhan Keser,Cansu Demirci,"Gani Müjde, Fatih Solmaz, Emre Bülbül, Nilüfer Yenidoğan, Gökhan Karagüle,",Bora Onur,Temel Zümrüt,Sci-Fi & Fantasy,Comedy,"Ali Gündoğdu, İnci Kırhan Gündoğdu,",20,0
90,1/1/2007,Star TV,2,Vazgeç Gönlüm,Gold Film,Murat Han,İrem Altuğ,Bulut Aras,"Ayşe Teker, Nur Araboğa, Zeliha Doğan, Rasim Doğan, Deniz Kamacı, Sevgi Yılmaz, Devrim Yıldız Özdemir, Berfu Soner,",Adnan Güler,Cahit Berkay,Drama,,Faruk Turgut,20,0
80,5/13/2008,Star TV,2,Yol Arkadaşım,aSis Yapım,Özge Özberk,Polat Bilgin,Sinan Tuzcu,Çağan Irmak,Irmak Çığ,Aria,Drama,Comedy,"Ilgaz Giritlioğlu, Bahadır Atay,",20,0
90,1/1/2008,TRT 1,1,Dur Yolcu,TRT,Hazım Körmükçü,Selin Demiratar,Cem Kılıç,Ömer Erbil,"Hakan Şahin, ",,Drama,History,Ahmet Yenilmez,20,0
80,1/1/2006,Star TV,2,Köprü,Koliba Film,Erdal Beşikçioğlu,Ayşegül Ünsal,İpek Karapınar,Ozan Yurdakul,"Sadullah Şentürk, ",,Drama,Action & Adventure,Ata Türkoğlu,20,0
100,9/7/2007,Kanal D,1,Menekşe ile Halil,Ay Yapım,Sedef Avcı,Kıvanç Tatlıtuğ,Hasan Küçükçetin,"Melek Gençoğlu, Ece Yörenç, Elif Şafak,",Uluç Bayraktar,Toygar Işıklı,Drama,Romantic,Kerem Çatay,20,0
90,7/2/2008,Kanal D,1,Cesaretin Var Mı Aşka,,Engin Altan Düzyatan,Özge Özpirinçci,Tarık Papuççuoğlu,,Ömer Uğur,Jehan Barbur,Drama,Comedy,Hayri Aslan,20,0
90,7/3/2007,Kanal D,1,Genco,D Productions,Alpay Kemal Atalan,Selen Seyven,Hazal Kaya,İlker Barış,Kemal Uzun,Cem Erman,Drama,Family,"Olcay Tomakin, Abdullah Yayla, Yahya Tomakin, Necmi Kolayca, Serkan Ipek,",20,0
90,1/21/2008,Show TV,1,Pars: Narkoterör,Sinegraf,İbrahim Çelikkol,Seda Bakan,,"Aybars Bora Kahyaoğlu, Selman Kılıçaslan, Onur Şener,",Metin Günay,Gökhan Kırdar,Drama,Action & Adventure,Osman Sınav,20,0
50,3/10/1998,Kanal D,2,Eyvah Babam,Doku Film,Haluk Bilginer,Yıldız Asyalı,Yeşim Küçük,Ünal Küpeli,Ünal Küpeli,,Comedy,Family,,20,0
45,10/6/1998,Show TV,2,Sırılsıklam,Gold Film,İbrahim Erkal,Melis Yamalıoğlu,Süleyman Turan,"Arda Uskan,Kubilay Zerener,Selçuk Akman",Temel Gürsu,"İbrahim Erkal,Volkan Gücer",Drama,Action & Adventure,İskender Ulus,20,0
90,1/1/2008,TRT 1,1,Süper Babaanne,Avşar Film,Murat Kubilay,Asuman Dabak,Mustafa Uzunyılmaz,"Gani Müjde, Gökhan Karagülle,","Serkan Kızıldağ, ",,Family,Comedy,Şükrü Avşar,20,0
60,7/7/2006,Kanal D,2,Acemi Cadı,D Productions,Şenay Gürler,Merve Boluğur,Nergis Kumbasar,Haluk Özenç,Feride Kaytan,"Murat Evgin, Temel Zümrüt,",Family,Sci-Fi & Fantasy,"Ahmet Kayimtu, Umit Ozer,",20,0
80,7/10/2004,Show TV,3,Cennet Mahallesi,Erler Film,Melek baykal,Müjdat Gezen,Özkan Uğur,"Erdoğan Tünaş, Resul Ertaş,","Serdar Akar, ",Aria,Comedy,,Türker İnanoğlu,20,0
60,6/25/2004,Show TV,2,En İyi Arkadaşım,,Hamdi Alkan,Yılsu Sarper,Görkem Yeltan,"Birol Elginöz, Nur Özlem Elginöz, Resul Ertas,",Hamdi Alkan,Erim Ardal,Comedy,Sci-Fi & Fantasy,Hamdi Alkan,20,0
80,9/10/2007,atv,1,Fesupanallah,Pana Film,Şafak Sezer,Kadir Çöpdemir,Hasan Kaçan,"Hasan Kaçan, Ozan Aksungur, Behiç Pek, Ali Demirel, Nil Güleç Ünsal,",Zübeyr Şaşmaz,Erkin Koray,Drama,Comedy,Raci Şaşmaz,20,0
70,7/3/2006,Kanal D,1,Fırtına,,Burçin Terzioğlu,Murat Yıldırım,Zerrin Sümer,Gökhan Horzum,Metin Balekoğlu,,Family,Comedy,Necati Akpınar,20,0
80,1/20/2005,Kanal D,3,Gümüş,ANS Production,Kıvanç Tatlıtuğ,Songül Öden,Ekrem Bora,"Eylem Canpolat, Berfu Ergenekon, Sema Ergenekon,","Tarık Alpagut, ",Cem Erman,Drama,Romantic,"Lale Eren, Ahmet Kayimtu, Irfan Sahin,",20,0
100,9/16/2005,Kanal D,2,Ihlamurlar Altında,Avşar Film,Bülent İnal,Tuba Büyüküstün,Özge Borak,"Nilgün Öneş, Neslihan Eyüboğlu, Ayşe Teker,",Aydın Bulut,İntizar,Drama,,Şükrü Avşar,22,0
70,1/1/2006,Star TV,1,Kaybolan Yıllar,Base Productions,Saruhan Hünel,Yeşim Büber,Burak Hakkı,"Sergin Akyaz, Seçil Akyaz Çolak, Makbule Kosif, Zehra Güleray,",Gülçin Gülbahçe,Bolahenk,Drama,Romantic,Sergin Akyaz,20,0
85,9/3/2007,Show TV,1,Kuzey Rüzgârı,Duka Film,Kadir İnanır,Oktay Kaynarca,Ebru Kocaağa,"Baykut Badem, Filiz Ekinci, Arzu Birol,",Mustafa Şevki Doğan,"Aydoğan Ataş, Soner Akalın,",Romantic,Action & Adventure,İbrahim Mertoğlu,20,0
80,9/18/2006,Kanal D,1,Sağır Oda,Tims Productions,Orhan Kılıç,Çağla Kubat,Engin Cezzar,"Ahmet Saatçioğlu, Memed Onur Özkök, Hakan Karahan, Ayhan Bozkurt, Sinan Hıncal,","Serdar Akar, ",Gökhan Kirdar,Action & Adventure,,"Timur Savcı, Cüneyt Özdemir,",,0
,1/1/2007,Star TV,1,Sır Gibi,FM Yapım,İsmet Üstekin,Kaya Erdaş,Tuğçe Ersoy,Neslihan Eyüboğlu,Şengül Halat Atak,Nail Yurtsever,Drama,Familly,,,0
90,10/10/2005,atv,2,Şöhret,Gold Film,Ahu Türkpençe,Atilla Saral,Murat Ünalmış,Deniz Akçay,Bahadır İnce,eMg müzik,Drama,,Faruk Turgut,20,0
80,10/12/2004,Kanal D,3,Yabancı Damat,Erler Film,Erdal Özyağcılar,Sumru Yavrucuk,Nehir Erdoğan,"Devin Çinar, Selin Tunç, Serap Gazel, Suna Dölek, Sulhi Dölek, Güliz Kucur,","Yağmur Taylan, ",Gökhan Kirdar,Drama,Romantic,Türker İnanoğlu,20,0
45,1/1/2005,Show TV,3,Yanık Koza,Limon Film,Yavuz Bingöl,Başak Köklükaya,Çolpan İlhan,"N. İpek Aksoy, Ertan Kurtulan, Aydın Üredi,",,Tamer Çıray,Drama,,Hayri Aslan,20,0
65,10/16/2002,Show TV,3,Ekmek Teknesi,Sinegraf,Peker Açıkalın,Sermin Hürmeriç,Kadir Çöpdemir,"Raci Şaşmaz, Mehmet Turgut, Hasan Kaçan, Elif Aktuğ, Bahadır Özdener, Ömer Lütfi Mete,","Osman Sınav, ",İncesaz,Drama,Comedy,"Osman Sınav Raci Şaşmaz,",20,0
65,9/14/2004,atv,3,Aliye,TMC,Sanem Çelik,Ayla Algan,Nejat İşler,"Şebnem Çitak, Güliz Kucur, Ayfer Tunç,",Kudret Sabancı,Kıraç,Drama,Romantic,Erol Avcı,21.45,0
60,9/12/2002,Kanal D,3,Kınalı Kar,Yağmur Ajans,Emrah,Özlem Conker,Engin Şenkan,"Gamze Özer, Özgür Evren Heptürk,",Taner Akvardar,Ali Otyam,Drama,,Osman Yağmurdereli,21,0
60,6/30/2004,Kanal D,2,Haziran Gecesi,Gold Film,Özcan Deniz,Naz Elmas,Nebahat Çehre,"Mahinur Ergün, Memed Onur Özkök,",Andaç Haznedaroğlu,Gökhan Kırdar,Drama,,Faruk Turgut,21,0
70,4/1/2006,Kanal D,1,Gönül,Masalevi,Gülben Ergen,Ragıp Savaş,Güven Kıraç,"Gani Müjde, Emre Bülbül, Nilüfer Yenidoğan, Fatih Solmaz,",Faruk Teber,,Drama,Comedy,Ali Gündoğdu,21,0
70,12/14/2014,Star TV,2,Kadın İsterse,"MinT Production, Ay Yapım",Hülya Avşar,Cihan Ünal,Deniz Çakır,"Yelda Açıkgöz,Nur Özlem Açıkgöz,Birol Güven,Murat Aras",Bora Tekay,,Drama,Comedy,"Birol Güven,Kerem Çatay",20,0
90,3/7/2005,atv,2,Aşka Sürgün,atv,Mahsun Kırmızıgül,Beren Saat,İzzet Günay,"Pınar Ordu,Neşe Cehiz,İlker Barış,Deniz Sertbarut,Cüneyt Bolak,Bilal Babaoğlu,Barış Pirhasan",Cemal Şan,"Kemal Sahir Gürel,Erol Mutlu",Drama,Action & Adventure,"Menderes Demir,Selim Eltas,Tomris Giritlioglu	",20,0
60,10/22/2003,Show TV,2,Alacakaranlık,Paranoya TV,Uğur Yücel,Kenan İmirzalıoğlu,Tuncel Kurtiz,"Sulhi Dölek,Su Kaya,Güliz Kucur,Alican Yücel",Yağmur Taylan,Aytug Yargiç,Crime,Action & Adventure,"Uğur Yücel,Defne Kayalar",20,0
30,12/12/2005,TV8,1,İki Arada Aşk,MinT Production,Halit Akçatepe,Deniz Çakır,Volkan Ünal,"Murat Aras,Metin Açıkgöz,Birol Güven",, Sibel Kocataş ,Comedy,,Birol Güven,20,0
90,9/14/2003,atv,2,Kurşun Yarası,Avşar Film,Berdan Martini,Bülent İnal,Nejat İşler,"Cem Görgeç,Ilker Arslan,Cüneyt Bolak,Baris Erdogan	,Aycan Giritlioglu,Deniz Kamaci,Ayhan Sonyürek",Özer Kiziltan,"Kemal Sahir Güre,Hakan Yesilyurt",Drama,Action & Adventure,"Şükrü Avşar,Bahadır Atay",20,
80,12/12/2005,Kanal D,1,Seher Vakti,D Productions,Yeşim Salkım,Uğur Polat,İdil Fırat,Gül Dirican,Mehmet Çağatay Tosun,"Hilmi Yarayıcı, Nail Yurtsever",Drama,,Abdullah Oğuz,20,0
60,12/12/2005,Show TV,1,Sensiz Olmuyor,Yağmur Ajans,Okan Yalabık,Emre Altuğ,Özlem Conker,Hayal Tacirleri,Hakan Arslan ,,Drama,Romantic,Osman Yagmurdereli,20,1
30,3/3/1999,TRT 1,5,Ayrılsak da Beraberiz,MinT Production,Hakan Yılmaz,Janset,Necmi Yapıcı,"Murat Aras,Nilüfer Yenidoğan,Caner Güler,Uğur Yağcıoğlu",Sibel Kocataş,,sit-com,Family,Birol Güven,20,0
60,9/1/2003,Kanal D,1,Lise Defteri,Altioklar Film,Ece Erken,Emre Altuğ,Arda Kural,"Mustafa Altioklar,Evrensel Belgin,Tarkan Ceper,Aylin Dogan",Mustafa Altıoklar,,Comedy,Drama,Mustafa Altıoklar,20,0
60,7/14/2003,Kanal D,2,Serseri,Yağmur Ajans,Gamze Özçelik,Erkan Petekkaya,Okan Yalabık,Alican Yaraş,Cem Akyoldaş,Ali Otyam,Romantic,Drama,Osman Yağmurdereli,20,0
70,12/12/2003,Kanal D,1,Sultan Makamı,Avşar Film,Başak Köklükaya,Uğur Polat,Şevket Çoruh,Ali Ulvi Hünkar,Aydin Bulut,"Kemal Sahir Gürel	,Kazim Koyuncu",Drama,,Bahadır Atay,20,
60,3/11/2002,atv,2,Asmalı Konak,ANS Production,Özcan Deniz,Nurgül Yeşilçay,Selda Alkor,"Mahinur Ergun,Meral Okay",Çağan Irmak,,Drama,Romantic,Abdullah Oğuz,20,0
50,12/13/2002,Kanal D,1,Gülbeyaz,Eryapım,Şevval Sam,Nejat İşler,Meral Çetinkaya,"Rüya İşçileri,Meriç Demiray,Cenk Bogatur,Cem Görgeç,Barış Erdoğan",,Kazım Koyuncu,Comedy,Romantic,"	Bahadır Atay",20,0
50,12/12/2003,Star TV,1,Hürrem Sultan,,Gülben Ergen,Ali Sürmeli,Hatice Aslan,"İlhami Algör ,Hüseyin Karagöz ,Mehmet Murat Somer",Fatih Aksoy ,Rahman Altin,History,Drama,Fatih Aksoy,20,0
60,12/12/2002,TRT 1,1,Mihriban,TRT,Hülya Koçyiğit,Sevinç Gürşen Akyıldız,Lemi Filozof,"İlker Arslan,Berrin Tekdemir",Yalçın Yelence,,Drama,,Faruk Turgut,,0
60,11/26/1998,Star TV,6,Üvey Baba,Yeni Yapımlar,Şemsi İnkaya,Betül Aşçıoğlu,Burçin Abdullah,Samim Utku,Tunca Yönder,,Drama,,Tunca Yönder,,0
60,3/28/2002,Kanal D,1,Bayanlar Baylar,Ans Production,Oktay Kaynarca,Hande Ataizi,Yavuz Bingöl,Gani Müjde,Erdoğan Engin,Fikret Alper,Comedy,,Abdullah Oğuz,,0
30,12/12/1993,TRT 1,9,Bizim Mahalle,"Yağmur Ajans,TRT",Neslihan Acar,Osman Yağmurdereli,Üstün Asutay,Çetin Büyükakın,Ülkü Erakalın,"Oguz Abadan,Müjdat Akgün",Comedy,Family,Osman Yağmurdereli,20,0
90,2/27/2001,Kanal D,2,Vay Anam Vay,D Productions,Nevra Serezli,Atilla Olgaç,Sıdıka Şenocak,"Gani Müjde,Caner Güler,Uğur Yağcıoğlu",Erdoğan Engin,Güliz Asyalı,Komedi,,"	Abdullah Oğuz",,0
40,9/19/1997,atv,4,Baba Evi,Muhteşem Film,Halil Ergün,Deniz Gökçer,Sevinç Erbulak,"Neşe Cehiz, Macit Koper, Hüseyin Kuzu, Hülya Çelikezer, Filiz Terzi, Ayhan Sonyürek,","Yusuf Kurçenli, ",,Drama,Family,"İrfan Tözüm,",,1
40,3/22/2000,Kanal D,2,Eyvah Kızım Büyüdü,ANS Production,Haluk Bilginer,Yıldız Asyalı,Alp Öyken,Tayfun Güneyer,"Orhan Cesur, ",,Comedy,,"Zeynep Güzeldogu, Akin Knob, Abdullah Oguz,",,0
55,10/29/1997,Show TV,4,Örümcek,Sedine Prodüksiyon,Nilüfer Kurt,İpek Tenolcay,Betül Arım,Hüseyin Karakaş,Zeynep Tor,Özkan Turgay,Drama,Action & Adventure,Hüseyin Karakaş,,0
40,11/6/1996,atv,5,Tatlı Kaçıklar,Erler Film,Mehmet Ali Erbil,Yalçın Menteş,Buket Dereoğlu,"İhsan Aydın, Kemal Kenen Ergen, Murat Kürüz, Vasıf Küçükoruç, Atay Sözer,","Aram Gülyüz,","Özkan Turgay,",Comedy,,Türker İnanoğlu,,0
40,1/1/1998,Kanal D,2,Eyvah Babam,Doku Film,Haluk Bilginer,Yıldız Asyalı,Arda Kural,Ünal Küpeli,Ünal Küpeli,,Comedy,,,,0
45,3/1/2000,Show TV,2,Zehirli Çiçek,Erler Film,Tuğba Özay,Çağla Şıkel,Aysun Kayacı,Safa Önal,Samim Deger,,Drama,Action & Adventure,Türker Inanoglu,,0
40,2/19/1997,Star TV,4,Kara Melek,Eylül TV,Sanem Çelik,Mehmet Ali Alabora,Ece Uslu,"Nuran Devres, Kubilay Zerener",Uğur Erkır,Müjdat Akgün,Drama,Action & Adventure,"	Ertuğrul Karslıoğlu",20,0
45,7/8/1996,Kanal D,4,Çılgın Bediş,,"	Yonca Evcimik",Çiçek Dilligil,Selahattin Taşdöğen,Zeki Keskin,Ozan Aydın,Aykut Gürel,Comedy,,Ayhan Aybek,,1
